2025-04-19 18:13:05,011 - WARNING - Neither CUDA nor MPS are available - defaulting to CPU. Note: This module is much faster with a GPU.
2025-04-19 18:13:06,439 - ERROR - Error loading speed data: [Errno 2] No such file or directory: 'outputs\\speeding\\speed_data.json'
2025-04-19 18:13:06,469 - INFO - [31m[1mWARNING: This is a development server. Do not use it in a production deployment. Use a production WSGI server instead.[0m
 * Running on http://127.0.0.1:5000
2025-04-19 18:13:06,469 - INFO - [33mPress CTRL+C to quit[0m
2025-04-19 18:13:06,490 - INFO -  * Restarting with watchdog (windowsapi)
2025-04-19 18:13:10,165 - WARNING - Neither CUDA nor MPS are available - defaulting to CPU. Note: This module is much faster with a GPU.
2025-04-19 18:13:11,517 - ERROR - Error loading speed data: [Errno 2] No such file or directory: 'outputs\\speeding\\speed_data.json'
2025-04-19 18:13:11,533 - WARNING -  * Debugger is active!
2025-04-19 18:13:11,535 - INFO -  * Debugger PIN: 954-123-181
2025-04-19 18:14:01,114 - INFO -  * Detected change in 'C:\\Users\\waskh\\OneDrive\\Desktop\\VehiclePrototype\\src\\app.py', reloading
2025-04-19 18:14:01,114 - INFO -  * Detected change in 'C:\\Users\\waskh\\OneDrive\\Desktop\\VehiclePrototype\\src\\app.py', reloading
2025-04-19 18:14:01,115 - INFO -  * Detected change in 'C:\\Users\\waskh\\OneDrive\\Desktop\\VehiclePrototype\\src\\app.py', reloading
2025-04-19 18:14:02,334 - INFO -  * Restarting with watchdog (windowsapi)
2025-04-19 18:14:05,999 - WARNING - Neither CUDA nor MPS are available - defaulting to CPU. Note: This module is much faster with a GPU.
2025-04-19 18:14:07,335 - ERROR - Error loading speed data: [Errno 2] No such file or directory: 'outputs\\speeding\\speed_data.json'
2025-04-19 18:14:07,350 - WARNING -  * Debugger is active!
2025-04-19 18:14:07,351 - INFO -  * Debugger PIN: 954-123-181
2025-04-19 18:18:50,507 - WARNING - Neither CUDA nor MPS are available - defaulting to CPU. Note: This module is much faster with a GPU.
2025-04-19 18:18:51,759 - ERROR - Error loading speed data: [Errno 2] No such file or directory: 'outputs\\speeding\\speed_data.json'
2025-04-19 18:18:51,782 - INFO - [31m[1mWARNING: This is a development server. Do not use it in a production deployment. Use a production WSGI server instead.[0m
 * Running on http://127.0.0.1:5000
2025-04-19 18:18:51,783 - INFO - [33mPress CTRL+C to quit[0m
2025-04-19 18:18:51,792 - INFO -  * Restarting with watchdog (windowsapi)
2025-04-19 18:18:55,289 - WARNING - Neither CUDA nor MPS are available - defaulting to CPU. Note: This module is much faster with a GPU.
2025-04-19 18:18:56,531 - ERROR - Error loading speed data: [Errno 2] No such file or directory: 'outputs\\speeding\\speed_data.json'
2025-04-19 18:18:56,548 - WARNING -  * Debugger is active!
2025-04-19 18:18:56,550 - INFO -  * Debugger PIN: 954-123-181
2025-04-19 18:19:02,084 - INFO - 127.0.0.1 - - [19/Apr/2025 18:19:02] "GET / HTTP/1.1" 200 -
2025-04-19 18:19:02,153 - INFO - 127.0.0.1 - - [19/Apr/2025 18:19:02] "[33mGET /favicon.ico HTTP/1.1[0m" 404 -
2025-04-19 18:21:02,543 - INFO -  * Detected change in 'C:\\Users\\waskh\\OneDrive\\Desktop\\VehiclePrototype\\src\\app.py', reloading
2025-04-19 18:21:02,544 - INFO -  * Detected change in 'C:\\Users\\waskh\\OneDrive\\Desktop\\VehiclePrototype\\src\\app.py', reloading
2025-04-19 18:21:02,545 - INFO -  * Detected change in 'C:\\Users\\waskh\\OneDrive\\Desktop\\VehiclePrototype\\src\\app.py', reloading
2025-04-19 18:21:03,695 - INFO -  * Restarting with watchdog (windowsapi)
2025-04-19 18:21:07,372 - WARNING - Neither CUDA nor MPS are available - defaulting to CPU. Note: This module is much faster with a GPU.
2025-04-19 18:21:08,649 - ERROR - Error loading speed data: [Errno 2] No such file or directory: 'outputs\\speeding\\speed_data.json'
2025-04-19 18:21:08,663 - WARNING -  * Debugger is active!
2025-04-19 18:21:08,665 - INFO -  * Debugger PIN: 954-123-181
2025-04-19 18:21:09,676 - INFO -  * Detected change in 'C:\\Users\\waskh\\OneDrive\\Desktop\\VehiclePrototype\\src\\app.py', reloading
2025-04-19 18:21:09,677 - INFO -  * Detected change in 'C:\\Users\\waskh\\OneDrive\\Desktop\\VehiclePrototype\\src\\app.py', reloading
2025-04-19 18:21:10,279 - INFO -  * Restarting with watchdog (windowsapi)
2025-04-19 18:21:13,788 - WARNING - Neither CUDA nor MPS are available - defaulting to CPU. Note: This module is much faster with a GPU.
2025-04-19 18:21:15,075 - ERROR - Error loading speed data: [Errno 2] No such file or directory: 'outputs\\speeding\\speed_data.json'
2025-04-19 18:21:15,087 - WARNING -  * Debugger is active!
2025-04-19 18:21:15,089 - INFO -  * Debugger PIN: 954-123-181
2025-04-19 18:21:22,765 - INFO - 127.0.0.1 - - [19/Apr/2025 18:21:22] "GET / HTTP/1.1" 200 -
2025-04-19 18:21:25,007 - INFO - 127.0.0.1 - - [19/Apr/2025 18:21:25] "GET / HTTP/1.1" 200 -
2025-04-19 18:24:20,390 - INFO - Speeding vehicle 1 detected! Speed: 68.9 km/h
2025-04-19 18:24:20,491 - INFO - Speeding vehicle 1 detected! Speed: 80.1 km/h
2025-04-19 18:24:20,591 - INFO - Speeding vehicle 1 detected! Speed: 60.3 km/h
2025-04-19 18:24:20,689 - INFO - Speeding vehicle 1 detected! Speed: 74.4 km/h
2025-04-19 18:24:20,786 - INFO - Speeding vehicle 1 detected! Speed: 81.4 km/h
2025-04-19 18:24:24,999 - INFO - Speeding vehicle 17 detected! Speed: 75.6 km/h
2025-04-19 18:24:25,096 - INFO - Speeding vehicle 17 detected! Speed: 93.2 km/h
2025-04-19 18:24:25,192 - INFO - Speeding vehicle 17 detected! Speed: 75.1 km/h
2025-04-19 18:24:25,291 - INFO - Speeding vehicle 17 detected! Speed: 72.8 km/h
2025-04-19 18:24:25,391 - INFO - Speeding vehicle 17 detected! Speed: 79.2 km/h
2025-04-19 18:24:29,939 - INFO - Speeding vehicle 24 detected! Speed: 71.2 km/h
2025-04-19 18:24:32,133 - INFO - Speeding vehicle 24 detected! Speed: 118.9 km/h
2025-04-19 18:24:32,234 - INFO - Speeding vehicle 24 detected! Speed: 116.3 km/h
2025-04-19 18:24:32,696 - INFO - Speeding vehicle 29 detected! Speed: 66.5 km/h
2025-04-19 18:24:32,796 - INFO - Speeding vehicle 29 detected! Speed: 83.9 km/h
2025-04-19 18:24:32,898 - INFO - Speeding vehicle 29 detected! Speed: 95.7 km/h
2025-04-19 18:24:32,999 - INFO - Speeding vehicle 29 detected! Speed: 80.9 km/h
2025-04-19 18:24:33,103 - INFO - Speeding vehicle 29 detected! Speed: 82.2 km/h
2025-04-19 18:24:34,947 - INFO - Speeding vehicle 37 detected! Speed: 71.2 km/h
2025-04-19 18:24:35,142 - INFO - Speeding vehicle 37 detected! Speed: 63.4 km/h
2025-04-19 18:24:35,150 - INFO - Speeding vehicle 40 detected! Speed: 65.6 km/h
2025-04-19 18:24:35,246 - INFO - Speeding vehicle 37 detected! Speed: 70.9 km/h
2025-04-19 18:24:35,347 - INFO - Speeding vehicle 37 detected! Speed: 73.5 km/h
2025-04-19 18:24:35,354 - INFO - Speeding vehicle 40 detected! Speed: 65.3 km/h
2025-04-19 18:24:35,458 - INFO - Speeding vehicle 37 detected! Speed: 74.7 km/h
2025-04-19 18:24:35,466 - INFO - Speeding vehicle 40 detected! Speed: 77.7 km/h
2025-04-19 18:24:35,567 - INFO - Speeding vehicle 40 detected! Speed: 67.8 km/h
2025-04-19 18:24:35,664 - INFO - Speeding vehicle 40 detected! Speed: 71.2 km/h
2025-04-19 18:24:36,589 - INFO - Speeding vehicle 43 detected! Speed: 71.7 km/h
2025-04-19 18:24:36,691 - INFO - Speeding vehicle 43 detected! Speed: 87.3 km/h
2025-04-19 18:24:36,794 - INFO - Speeding vehicle 43 detected! Speed: 65.6 km/h
2025-04-19 18:24:36,893 - INFO - Speeding vehicle 43 detected! Speed: 82.2 km/h
2025-04-19 18:24:36,994 - INFO - Speeding vehicle 43 detected! Speed: 90.0 km/h
2025-04-19 18:24:38,851 - INFO - Speeding vehicle 49 detected! Speed: 92.0 km/h
2025-04-19 18:24:38,952 - INFO - Speeding vehicle 49 detected! Speed: 115.2 km/h
2025-04-19 18:24:42,645 - INFO - Speeding vehicle 54 detected! Speed: 60.6 km/h
2025-04-19 18:24:42,751 - INFO - Speeding vehicle 54 detected! Speed: 71.3 km/h
2025-04-19 18:24:42,936 - INFO - Speeding vehicle 54 detected! Speed: 67.1 km/h
2025-04-19 18:24:43,028 - INFO - Speeding vehicle 54 detected! Speed: 72.9 km/h
2025-04-19 18:24:43,128 - INFO - Speeding vehicle 54 detected! Speed: 75.8 km/h
2025-04-19 18:24:45,880 - INFO - Speeding vehicle 63 detected! Speed: 63.8 km/h
2025-04-19 18:24:45,993 - INFO - Speeding vehicle 63 detected! Speed: 72.0 km/h
2025-04-19 18:24:46,092 - INFO - Speeding vehicle 63 detected! Speed: 63.7 km/h
2025-04-19 18:24:46,191 - INFO - Speeding vehicle 63 detected! Speed: 69.1 km/h
2025-04-19 18:24:46,560 - INFO - Speeding vehicle 63 detected! Speed: 83.5 km/h
2025-04-19 18:24:47,480 - INFO - Speed data and detection results saved successfully
2025-04-19 18:24:47,480 - INFO - Total frames processed: 304
2025-04-19 18:24:47,481 - INFO - Total vehicles detected: 10
2025-04-19 18:24:47,481 - INFO - Speeding vehicles: 10
2025-04-19 18:24:47,511 - INFO - Speed detection completed
2025-04-19 18:42:27,362 - INFO - Speeding vehicle 1 detected! Speed: 86.1 km/h
2025-04-19 18:42:27,562 - INFO - Speeding vehicle 1 detected! Speed: 98.9 km/h
2025-04-19 18:42:27,664 - INFO - Speeding vehicle 1 detected! Speed: 110.0 km/h
2025-04-19 18:42:27,767 - INFO - Speeding vehicle 1 detected! Speed: 108.0 km/h
2025-04-19 18:42:27,874 - INFO - Speeding vehicle 1 detected! Speed: 115.9 km/h
2025-04-19 18:42:32,340 - INFO - Speeding vehicle 5 detected! Speed: 66.2 km/h
2025-04-19 18:42:32,448 - INFO - Speeding vehicle 5 detected! Speed: 88.8 km/h
2025-04-19 18:42:32,556 - INFO - Speeding vehicle 5 detected! Speed: 107.8 km/h
2025-04-19 18:42:32,663 - INFO - Speeding vehicle 5 detected! Speed: 79.4 km/h
2025-04-19 18:42:32,779 - INFO - Speeding vehicle 5 detected! Speed: 99.1 km/h
2025-04-19 18:42:40,460 - INFO - Speeding vehicle 9 detected! Speed: 70.2 km/h
2025-04-19 18:42:40,559 - INFO - Speeding vehicle 9 detected! Speed: 98.5 km/h
2025-04-19 18:42:40,666 - INFO - Speeding vehicle 9 detected! Speed: 110.4 km/h
2025-04-19 18:42:40,775 - INFO - Speeding vehicle 9 detected! Speed: 81.4 km/h
2025-04-19 18:42:40,869 - INFO - Speeding vehicle 9 detected! Speed: 106.1 km/h
2025-04-19 18:42:42,985 - INFO - Speeding vehicle 11 detected! Speed: 90.5 km/h
2025-04-19 18:42:43,098 - INFO - Speeding vehicle 11 detected! Speed: 114.0 km/h
2025-04-19 18:42:43,299 - INFO - Speeding vehicle 11 detected! Speed: 104.7 km/h
2025-04-19 18:42:43,404 - INFO - Speeding vehicle 11 detected! Speed: 110.4 km/h
2025-04-19 18:42:43,518 - INFO - Speeding vehicle 11 detected! Speed: 116.7 km/h
2025-04-19 18:42:56,843 - INFO - Speed data and detection results saved successfully
2025-04-19 18:42:56,844 - INFO - Total frames processed: 304
2025-04-19 18:42:56,844 - INFO - Total vehicles detected: 4
2025-04-19 18:42:56,845 - INFO - Speeding vehicles: 5
2025-04-19 18:42:56,872 - INFO - Speed detection completed
2025-04-19 19:20:28,148 - INFO - Speeding vehicle 1 detected! Speed: 86.1 km/h
2025-04-19 19:20:28,362 - INFO - Speeding vehicle 1 detected! Speed: 98.9 km/h
2025-04-19 19:20:28,459 - INFO - Speeding vehicle 1 detected! Speed: 110.0 km/h
2025-04-19 19:20:28,560 - INFO - Speeding vehicle 1 detected! Speed: 108.0 km/h
2025-04-19 19:20:28,668 - INFO - Speeding vehicle 1 detected! Speed: 115.9 km/h
2025-04-19 19:20:33,266 - INFO - Speeding vehicle 5 detected! Speed: 66.2 km/h
2025-04-19 19:20:33,369 - INFO - Speeding vehicle 5 detected! Speed: 88.8 km/h
2025-04-19 19:20:33,477 - INFO - Speeding vehicle 5 detected! Speed: 107.8 km/h
2025-04-19 19:20:33,589 - INFO - Speeding vehicle 5 detected! Speed: 79.4 km/h
2025-04-19 19:20:33,698 - INFO - Speeding vehicle 5 detected! Speed: 99.1 km/h
2025-04-19 19:20:41,871 - INFO - Speeding vehicle 9 detected! Speed: 70.2 km/h
2025-04-19 19:20:41,975 - INFO - Speeding vehicle 9 detected! Speed: 98.5 km/h
2025-04-19 19:20:42,081 - INFO - Speeding vehicle 9 detected! Speed: 110.4 km/h
2025-04-19 19:20:42,177 - INFO - Speeding vehicle 9 detected! Speed: 81.4 km/h
2025-04-19 19:20:42,277 - INFO - Speeding vehicle 9 detected! Speed: 106.1 km/h
2025-04-19 19:20:44,231 - INFO - Speeding vehicle 11 detected! Speed: 90.5 km/h
2025-04-19 19:20:44,330 - INFO - Speeding vehicle 11 detected! Speed: 114.0 km/h
2025-04-19 19:20:44,510 - INFO - Speeding vehicle 11 detected! Speed: 104.7 km/h
2025-04-19 19:20:44,597 - INFO - Speeding vehicle 11 detected! Speed: 110.4 km/h
2025-04-19 19:20:44,694 - INFO - Speeding vehicle 11 detected! Speed: 116.7 km/h
2025-04-19 19:20:56,559 - INFO - Speed data and detection results saved successfully
2025-04-19 19:20:56,559 - INFO - Total frames processed: 304
2025-04-19 19:20:56,559 - INFO - Total vehicles detected: 4
2025-04-19 19:20:56,560 - INFO - Speeding vehicles: 5
2025-04-19 19:20:56,590 - INFO - Speed detection completed
2025-04-19 19:23:48,665 - INFO - Speeding vehicle 1 detected! Speed: 86.1 km/h
2025-04-19 19:23:48,881 - INFO - Speeding vehicle 1 detected! Speed: 98.9 km/h
2025-04-19 19:23:48,988 - INFO - Speeding vehicle 1 detected! Speed: 110.0 km/h
2025-04-19 19:23:49,099 - INFO - Speeding vehicle 1 detected! Speed: 117.0 km/h
2025-04-19 19:23:49,600 - INFO - Speeding vehicle 1 detected! Speed: 118.6 km/h
2025-04-19 19:23:53,518 - INFO - Speeding vehicle 5 detected! Speed: 66.2 km/h
2025-04-19 19:23:53,622 - INFO - Speeding vehicle 5 detected! Speed: 88.8 km/h
2025-04-19 19:23:53,721 - INFO - Speeding vehicle 5 detected! Speed: 107.8 km/h
2025-04-19 19:23:53,830 - INFO - Speeding vehicle 5 detected! Speed: 112.9 km/h
2025-04-19 19:23:53,927 - INFO - Speeding vehicle 5 detected! Speed: 119.5 km/h
2025-04-19 19:24:01,455 - INFO - Speeding vehicle 9 detected! Speed: 70.2 km/h
2025-04-19 19:24:01,557 - INFO - Speeding vehicle 9 detected! Speed: 98.5 km/h
2025-04-19 19:24:01,657 - INFO - Speeding vehicle 9 detected! Speed: 110.4 km/h
2025-04-19 19:24:01,981 - INFO - Speeding vehicle 9 detected! Speed: 114.1 km/h
2025-04-19 19:24:02,076 - INFO - Speeding vehicle 9 detected! Speed: 115.5 km/h
2025-04-19 19:24:04,025 - INFO - Speeding vehicle 11 detected! Speed: 90.5 km/h
2025-04-19 19:24:04,134 - INFO - Speeding vehicle 11 detected! Speed: 114.0 km/h
2025-04-19 19:24:04,327 - INFO - Speeding vehicle 11 detected! Speed: 104.7 km/h
2025-04-19 19:24:04,420 - INFO - Speeding vehicle 11 detected! Speed: 115.4 km/h
2025-04-19 19:24:04,969 - INFO - Speeding vehicle 11 detected! Speed: 118.7 km/h
2025-04-19 19:24:16,939 - INFO - Speed data and detection results saved successfully
2025-04-19 19:24:16,939 - INFO - Total frames processed: 304
2025-04-19 19:24:16,939 - INFO - Total vehicles detected: 4
2025-04-19 19:24:16,939 - INFO - Speeding vehicles: 5
2025-04-19 19:24:16,976 - INFO - Speed detection completed
2025-04-19 19:31:11,078 - INFO - Speeding vehicle 1 detected! Speed: 86.1 km/h
2025-04-19 19:31:11,289 - INFO - Speeding vehicle 1 detected! Speed: 98.7 km/h
2025-04-19 19:31:11,390 - INFO - Speeding vehicle 1 detected! Speed: 109.9 km/h
2025-04-19 19:31:11,500 - INFO - Speeding vehicle 1 detected! Speed: 116.7 km/h
2025-04-19 19:31:12,028 - INFO - Speeding vehicle 1 detected! Speed: 118.3 km/h
2025-04-19 19:31:16,173 - INFO - Speeding vehicle 5 detected! Speed: 65.9 km/h
2025-04-19 19:31:16,275 - INFO - Speeding vehicle 5 detected! Speed: 88.5 km/h
2025-04-19 19:31:16,383 - INFO - Speeding vehicle 5 detected! Speed: 107.5 km/h
2025-04-19 19:31:16,490 - INFO - Speeding vehicle 5 detected! Speed: 112.5 km/h
2025-04-19 19:31:16,591 - INFO - Speeding vehicle 5 detected! Speed: 118.9 km/h
2025-04-19 19:31:24,341 - INFO - Speeding vehicle 9 detected! Speed: 69.3 km/h
2025-04-19 19:31:24,469 - INFO - Speeding vehicle 9 detected! Speed: 97.8 km/h
2025-04-19 19:31:24,571 - INFO - Speeding vehicle 9 detected! Speed: 109.7 km/h
2025-04-19 19:31:24,868 - INFO - Speeding vehicle 9 detected! Speed: 111.1 km/h
2025-04-19 19:31:24,963 - INFO - Speeding vehicle 9 detected! Speed: 112.8 km/h
2025-04-19 19:31:26,924 - INFO - Speeding vehicle 11 detected! Speed: 90.5 km/h
2025-04-19 19:31:27,030 - INFO - Speeding vehicle 11 detected! Speed: 114.0 km/h
2025-04-19 19:31:27,232 - INFO - Speeding vehicle 11 detected! Speed: 100.8 km/h
2025-04-19 19:31:27,327 - INFO - Speeding vehicle 11 detected! Speed: 111.2 km/h
2025-04-19 19:31:27,437 - INFO - Speeding vehicle 11 detected! Speed: 117.9 km/h
2025-04-19 19:31:40,528 - INFO - Speed data and detection results saved successfully
2025-04-19 19:31:40,529 - INFO - Total frames processed: 304
2025-04-19 19:31:40,529 - INFO - Total vehicles detected: 4
2025-04-19 19:31:40,529 - INFO - Speeding vehicles: 5
2025-04-19 19:31:40,557 - INFO - Speed detection completed
2025-04-19 19:34:48,367 - INFO - Speeding vehicle 1 detected! Speed: 86.1 km/h
2025-04-19 19:34:48,595 - INFO - Speeding vehicle 1 detected! Speed: 98.9 km/h
2025-04-19 19:34:48,706 - INFO - Speeding vehicle 1 detected! Speed: 110.0 km/h
2025-04-19 19:34:48,811 - INFO - Speeding vehicle 1 detected! Speed: 117.0 km/h
2025-04-19 19:34:49,328 - INFO - Speeding vehicle 1 detected! Speed: 118.6 km/h
2025-04-19 19:34:53,371 - INFO - Speeding vehicle 5 detected! Speed: 66.2 km/h
2025-04-19 19:34:53,475 - INFO - Speeding vehicle 5 detected! Speed: 88.8 km/h
2025-04-19 19:34:53,588 - INFO - Speeding vehicle 5 detected! Speed: 107.8 km/h
2025-04-19 19:34:53,688 - INFO - Speeding vehicle 5 detected! Speed: 112.9 km/h
2025-04-19 19:34:53,785 - INFO - Speeding vehicle 5 detected! Speed: 119.5 km/h
2025-04-19 19:35:00,783 - INFO - Speeding vehicle 9 detected! Speed: 70.2 km/h
2025-04-19 19:35:00,878 - INFO - Speeding vehicle 9 detected! Speed: 98.5 km/h
2025-04-19 19:35:00,965 - INFO - Speeding vehicle 9 detected! Speed: 110.4 km/h
2025-04-19 19:35:01,221 - INFO - Speeding vehicle 9 detected! Speed: 114.1 km/h
2025-04-19 19:35:01,306 - INFO - Speeding vehicle 9 detected! Speed: 115.5 km/h
2025-04-19 19:35:03,177 - INFO - Speeding vehicle 11 detected! Speed: 90.5 km/h
2025-04-19 19:35:03,285 - INFO - Speeding vehicle 11 detected! Speed: 114.0 km/h
2025-04-19 19:35:03,477 - INFO - Speeding vehicle 11 detected! Speed: 104.7 km/h
2025-04-19 19:35:03,576 - INFO - Speeding vehicle 11 detected! Speed: 115.4 km/h
2025-04-19 19:35:04,056 - INFO - Speeding vehicle 11 detected! Speed: 118.7 km/h
2025-04-19 19:35:16,875 - INFO - Speed data and detection results saved successfully
2025-04-19 19:35:16,876 - INFO - Total frames processed: 304
2025-04-19 19:35:16,876 - INFO - Total vehicles detected: 4
2025-04-19 19:35:16,876 - INFO - Speeding vehicles: 5
2025-04-19 19:35:16,914 - INFO - Speed detection completed
2025-04-19 19:38:51,633 - INFO - Speeding vehicle 1 detected! Speed: 62.2 km/h
2025-04-19 19:38:51,758 - INFO - Speeding vehicle 1 detected! Speed: 92.5 km/h
2025-04-19 19:38:51,863 - INFO - Speeding vehicle 1 detected! Speed: 71.4 km/h
2025-04-19 19:38:51,957 - INFO - Speeding vehicle 1 detected! Speed: 79.5 km/h
2025-04-19 19:38:52,053 - INFO - Speeding vehicle 1 detected! Speed: 84.5 km/h
2025-04-19 19:38:56,445 - INFO - Speeding vehicle 5 detected! Speed: 64.1 km/h
2025-04-19 19:38:56,540 - INFO - Speeding vehicle 5 detected! Speed: 77.9 km/h
2025-04-19 19:38:56,633 - INFO - Speeding vehicle 5 detected! Speed: 81.5 km/h
2025-04-19 19:38:56,732 - INFO - Speeding vehicle 5 detected! Speed: 86.3 km/h
2025-04-19 19:38:56,827 - INFO - Speeding vehicle 5 detected! Speed: 79.2 km/h
2025-04-19 19:39:04,067 - INFO - Speeding vehicle 9 detected! Speed: 71.1 km/h
2025-04-19 19:39:04,204 - INFO - Speeding vehicle 9 detected! Speed: 79.7 km/h
2025-04-19 19:39:04,305 - INFO - Speeding vehicle 9 detected! Speed: 89.0 km/h
2025-04-19 19:39:04,411 - INFO - Speeding vehicle 9 detected! Speed: 92.7 km/h
2025-04-19 19:39:04,509 - INFO - Speeding vehicle 9 detected! Speed: 82.4 km/h
2025-04-19 19:39:06,610 - INFO - Speeding vehicle 11 detected! Speed: 65.4 km/h
2025-04-19 19:39:06,709 - INFO - Speeding vehicle 11 detected! Speed: 82.3 km/h
2025-04-19 19:39:06,815 - INFO - Speeding vehicle 11 detected! Speed: 92.2 km/h
2025-04-19 19:39:06,913 - INFO - Speeding vehicle 11 detected! Speed: 75.6 km/h
2025-04-19 19:39:07,017 - INFO - Speeding vehicle 11 detected! Speed: 83.3 km/h
2025-04-19 19:39:19,711 - INFO - Speed data and detection results saved successfully
2025-04-19 19:39:19,712 - INFO - Total frames processed: 304
2025-04-19 19:39:19,712 - INFO - Total vehicles detected: 4
2025-04-19 19:39:19,712 - INFO - Speeding vehicles: 5
2025-04-19 19:39:19,750 - INFO - Speed detection completed
2025-04-19 19:43:52,258 - INFO - Speeding vehicle 1 detected! Speed: 62.2 km/h
2025-04-19 19:43:52,435 - INFO - Speeding vehicle 1 detected! Speed: 92.5 km/h
2025-04-19 19:43:52,569 - INFO - Speeding vehicle 1 detected! Speed: 71.4 km/h
2025-04-19 19:43:52,672 - INFO - Speeding vehicle 1 detected! Speed: 79.5 km/h
2025-04-19 19:43:52,784 - INFO - Speeding vehicle 1 detected! Speed: 84.5 km/h
2025-04-19 19:43:57,413 - INFO - Speeding vehicle 5 detected! Speed: 64.1 km/h
2025-04-19 19:43:57,511 - INFO - Speeding vehicle 5 detected! Speed: 77.9 km/h
2025-04-19 19:43:57,619 - INFO - Speeding vehicle 5 detected! Speed: 81.5 km/h
2025-04-19 19:43:57,715 - INFO - Speeding vehicle 5 detected! Speed: 86.3 km/h
2025-04-19 19:43:57,810 - INFO - Speeding vehicle 5 detected! Speed: 79.2 km/h
2025-04-19 19:44:05,327 - INFO - Speeding vehicle 9 detected! Speed: 71.1 km/h
2025-04-19 19:44:05,438 - INFO - Speeding vehicle 9 detected! Speed: 79.7 km/h
2025-04-19 19:44:05,537 - INFO - Speeding vehicle 9 detected! Speed: 89.0 km/h
2025-04-19 19:44:05,633 - INFO - Speeding vehicle 9 detected! Speed: 92.7 km/h
2025-04-19 19:44:05,735 - INFO - Speeding vehicle 9 detected! Speed: 82.4 km/h
2025-04-19 19:44:07,755 - INFO - Speeding vehicle 11 detected! Speed: 65.4 km/h
2025-04-19 19:44:07,868 - INFO - Speeding vehicle 11 detected! Speed: 82.3 km/h
2025-04-19 19:44:07,974 - INFO - Speeding vehicle 11 detected! Speed: 92.2 km/h
2025-04-19 19:44:08,079 - INFO - Speeding vehicle 11 detected! Speed: 75.6 km/h
2025-04-19 19:44:08,176 - INFO - Speeding vehicle 11 detected! Speed: 83.3 km/h
2025-04-19 19:44:20,406 - INFO - Speed data and detection results saved successfully
2025-04-19 19:44:20,407 - INFO - Total frames processed: 304
2025-04-19 19:44:20,407 - INFO - Total vehicles detected: 5
2025-04-19 19:44:20,407 - INFO - Speeding vehicles: 5
2025-04-19 19:44:20,448 - INFO - Speed detection completed
2025-04-19 19:45:46,849 - INFO - Speeding vehicle 1 detected! Speed: 86.1 km/h
2025-04-19 19:45:47,126 - INFO - Speeding vehicle 1 detected! Speed: 98.9 km/h
2025-04-19 19:45:47,250 - INFO - Speeding vehicle 1 detected! Speed: 110.0 km/h
2025-04-19 19:45:47,374 - INFO - Speeding vehicle 1 detected! Speed: 117.0 km/h
2025-04-19 19:45:47,929 - INFO - Speeding vehicle 1 detected! Speed: 118.6 km/h
2025-04-19 19:45:52,006 - INFO - Speeding vehicle 5 detected! Speed: 66.2 km/h
2025-04-19 19:45:52,128 - INFO - Speeding vehicle 5 detected! Speed: 88.8 km/h
2025-04-19 19:45:52,238 - INFO - Speeding vehicle 5 detected! Speed: 107.8 km/h
2025-04-19 19:45:52,334 - INFO - Speeding vehicle 5 detected! Speed: 112.9 km/h
2025-04-19 19:45:52,448 - INFO - Speeding vehicle 5 detected! Speed: 119.5 km/h
2025-04-19 19:46:00,028 - INFO - Speeding vehicle 9 detected! Speed: 70.2 km/h
2025-04-19 19:46:00,133 - INFO - Speeding vehicle 9 detected! Speed: 98.5 km/h
2025-04-19 19:46:00,231 - INFO - Speeding vehicle 9 detected! Speed: 110.4 km/h
2025-04-19 19:46:00,529 - INFO - Speeding vehicle 9 detected! Speed: 114.1 km/h
2025-04-19 19:46:00,626 - INFO - Speeding vehicle 9 detected! Speed: 115.5 km/h
2025-04-19 19:46:02,483 - INFO - Speeding vehicle 11 detected! Speed: 90.5 km/h
2025-04-19 19:46:02,579 - INFO - Speeding vehicle 11 detected! Speed: 114.0 km/h
2025-04-19 19:46:02,783 - INFO - Speeding vehicle 11 detected! Speed: 104.7 km/h
2025-04-19 19:46:02,879 - INFO - Speeding vehicle 11 detected! Speed: 115.4 km/h
2025-04-19 19:46:03,360 - INFO - Speeding vehicle 11 detected! Speed: 118.7 km/h
2025-04-19 19:46:15,723 - INFO - Speed data and detection results saved successfully
2025-04-19 19:46:15,724 - INFO - Total frames processed: 304
2025-04-19 19:46:15,724 - INFO - Total vehicles detected: 5
2025-04-19 19:46:15,724 - INFO - Speeding vehicles: 5
2025-04-19 19:46:15,762 - INFO - Speed detection completed
2025-04-19 19:48:14,228 - INFO - Speeding vehicle 1 detected! Speed: 62.2 km/h
2025-04-19 19:48:14,366 - INFO - Speeding vehicle 1 detected! Speed: 92.5 km/h
2025-04-19 19:48:14,377 - INFO - Speeding vehicle 2 detected! Speed: 67.3 km/h
2025-04-19 19:48:14,490 - INFO - Speeding vehicle 1 detected! Speed: 71.4 km/h
2025-04-19 19:48:14,644 - INFO - Speeding vehicle 1 detected! Speed: 79.5 km/h
2025-04-19 19:48:14,764 - INFO - Speeding vehicle 1 detected! Speed: 84.5 km/h
2025-04-19 19:48:14,984 - INFO - Speeding vehicle 2 detected! Speed: 60.1 km/h
2025-04-19 19:48:15,083 - INFO - Speeding vehicle 2 detected! Speed: 65.8 km/h
2025-04-19 19:48:15,185 - INFO - Speeding vehicle 2 detected! Speed: 60.8 km/h
2025-04-19 19:48:15,585 - INFO - Speeding vehicle 2 detected! Speed: 60.3 km/h
2025-04-19 19:48:16,633 - INFO - Speeding vehicle 5 detected! Speed: 64.9 km/h
2025-04-19 19:48:16,727 - INFO - Speeding vehicle 5 detected! Speed: 69.3 km/h
2025-04-19 19:48:16,817 - INFO - Speeding vehicle 5 detected! Speed: 62.7 km/h
2025-04-19 19:48:16,928 - INFO - Speeding vehicle 5 detected! Speed: 65.0 km/h
2025-04-19 19:48:17,018 - INFO - Speeding vehicle 5 detected! Speed: 67.4 km/h
2025-04-19 19:48:18,197 - INFO - Speeding vehicle 6 detected! Speed: 74.3 km/h
2025-04-19 19:48:18,302 - INFO - Speeding vehicle 6 detected! Speed: 77.1 km/h
2025-04-19 19:48:18,400 - INFO - Speeding vehicle 6 detected! Speed: 77.0 km/h
2025-04-19 19:48:18,494 - INFO - Speeding vehicle 6 detected! Speed: 69.7 km/h
2025-04-19 19:48:19,014 - INFO - Speeding vehicle 6 detected! Speed: 63.7 km/h
2025-04-19 19:48:21,551 - INFO - Speeding vehicle 7 detected! Speed: 64.4 km/h
2025-04-19 19:48:21,818 - INFO - Speeding vehicle 7 detected! Speed: 63.5 km/h
2025-04-19 19:48:21,931 - INFO - Speeding vehicle 7 detected! Speed: 65.7 km/h
2025-04-19 19:48:22,018 - INFO - Speeding vehicle 7 detected! Speed: 74.8 km/h
2025-04-19 19:48:22,118 - INFO - Speeding vehicle 7 detected! Speed: 73.1 km/h
2025-04-19 19:48:23,885 - INFO - Speeding vehicle 9 detected! Speed: 60.8 km/h
2025-04-19 19:48:23,982 - INFO - Speeding vehicle 9 detected! Speed: 80.1 km/h
2025-04-19 19:48:24,104 - INFO - Speeding vehicle 9 detected! Speed: 87.6 km/h
2025-04-19 19:48:24,208 - INFO - Speeding vehicle 9 detected! Speed: 90.8 km/h
2025-04-19 19:48:24,302 - INFO - Speeding vehicle 9 detected! Speed: 92.3 km/h
2025-04-19 19:48:25,836 - INFO - Speeding vehicle 10 detected! Speed: 63.7 km/h
2025-04-19 19:48:25,935 - INFO - Speeding vehicle 10 detected! Speed: 97.0 km/h
2025-04-19 19:48:26,030 - INFO - Speeding vehicle 10 detected! Speed: 81.9 km/h
2025-04-19 19:48:26,137 - INFO - Speeding vehicle 10 detected! Speed: 89.8 km/h
2025-04-19 19:48:26,243 - INFO - Speeding vehicle 10 detected! Speed: 94.3 km/h
2025-04-19 19:48:26,335 - INFO - Speeding vehicle 11 detected! Speed: 63.4 km/h
2025-04-19 19:48:26,428 - INFO - Speeding vehicle 11 detected! Speed: 64.7 km/h
2025-04-19 19:48:26,534 - INFO - Speeding vehicle 11 detected! Speed: 81.2 km/h
2025-04-19 19:48:26,630 - INFO - Speeding vehicle 11 detected! Speed: 69.8 km/h
2025-04-19 19:48:26,734 - INFO - Speeding vehicle 11 detected! Speed: 78.8 km/h
2025-04-19 19:48:27,500 - INFO - Speeding vehicle 12 detected! Speed: 81.3 km/h
2025-04-19 19:48:27,587 - INFO - Speeding vehicle 12 detected! Speed: 73.8 km/h
2025-04-19 19:48:27,678 - INFO - Speeding vehicle 12 detected! Speed: 98.0 km/h
2025-04-19 19:48:27,764 - INFO - Speeding vehicle 12 detected! Speed: 82.7 km/h
2025-04-19 19:48:27,865 - INFO - Speeding vehicle 12 detected! Speed: 89.8 km/h
2025-04-19 19:48:29,936 - INFO - Speeding vehicle 17 detected! Speed: 68.9 km/h
2025-04-19 19:48:30,129 - INFO - Speeding vehicle 17 detected! Speed: 70.7 km/h
2025-04-19 19:48:30,235 - INFO - Speeding vehicle 17 detected! Speed: 81.2 km/h
2025-04-19 19:48:30,338 - INFO - Speeding vehicle 17 detected! Speed: 88.1 km/h
2025-04-19 19:48:30,625 - INFO - Speeding vehicle 17 detected! Speed: 99.4 km/h
2025-04-19 19:48:34,598 - INFO - Speeding vehicle 21 detected! Speed: 79.8 km/h
2025-04-19 19:48:34,694 - INFO - Speeding vehicle 21 detected! Speed: 66.2 km/h
2025-04-19 19:48:34,799 - INFO - Speeding vehicle 21 detected! Speed: 75.8 km/h
2025-04-19 19:48:34,899 - INFO - Speeding vehicle 21 detected! Speed: 85.6 km/h
2025-04-19 19:48:35,000 - INFO - Speeding vehicle 21 detected! Speed: 86.8 km/h
2025-04-19 19:48:37,331 - INFO - Speeding vehicle 23 detected! Speed: 60.1 km/h
2025-04-19 19:48:37,421 - INFO - Speeding vehicle 23 detected! Speed: 76.1 km/h
2025-04-19 19:48:37,527 - INFO - Speeding vehicle 23 detected! Speed: 67.0 km/h
2025-04-19 19:48:37,636 - INFO - Speeding vehicle 23 detected! Speed: 104.6 km/h
2025-04-19 19:48:37,738 - INFO - Speeding vehicle 23 detected! Speed: 108.0 km/h
2025-04-19 19:48:39,284 - INFO - Speeding vehicle 24 detected! Speed: 100.6 km/h
2025-04-19 19:48:39,387 - INFO - Speeding vehicle 24 detected! Speed: 99.6 km/h
2025-04-19 19:48:39,483 - INFO - Speeding vehicle 24 detected! Speed: 112.6 km/h
2025-04-19 19:48:39,574 - INFO - Speeding vehicle 24 detected! Speed: 122.0 km/h
2025-04-19 19:48:39,663 - INFO - Speeding vehicle 24 detected! Speed: 117.4 km/h
2025-04-19 19:48:40,419 - INFO - Speeding vehicle 25 detected! Speed: 75.6 km/h
2025-04-19 19:48:40,522 - INFO - Speeding vehicle 25 detected! Speed: 72.6 km/h
2025-04-19 19:48:40,810 - INFO - Speeding vehicle 25 detected! Speed: 61.8 km/h
2025-04-19 19:48:40,895 - INFO - Speeding vehicle 25 detected! Speed: 63.0 km/h
2025-04-19 19:48:41,002 - INFO - Speeding vehicle 25 detected! Speed: 64.7 km/h
2025-04-19 19:48:41,316 - INFO - Speeding vehicle 27 detected! Speed: 68.9 km/h
2025-04-19 19:48:41,415 - INFO - Speeding vehicle 27 detected! Speed: 118.3 km/h
2025-04-19 19:48:41,510 - INFO - Speeding vehicle 27 detected! Speed: 92.6 km/h
2025-04-19 19:48:41,596 - INFO - Speeding vehicle 27 detected! Speed: 121.3 km/h
2025-04-19 19:48:41,697 - INFO - Speeding vehicle 27 detected! Speed: 133.9 km/h
2025-04-19 19:48:42,652 - INFO - Speed data and detection results saved successfully
2025-04-19 19:48:42,652 - INFO - Total frames processed: 304
2025-04-19 19:48:42,652 - INFO - Total vehicles detected: 17
2025-04-19 19:48:42,652 - INFO - Speeding vehicles: 17
2025-04-19 19:48:42,680 - INFO - Speed detection completed
2025-04-19 20:34:15,909 - INFO - Speeding vehicle 23 detected! Speed: 117.2 km/h
2025-04-19 20:34:18,504 - INFO - Speed data and detection results saved successfully
2025-04-19 20:34:18,504 - INFO - Total frames processed: 304
2025-04-19 20:34:18,504 - INFO - Total vehicles detected: 17
2025-04-19 20:34:18,504 - INFO - Speeding vehicles: 17
2025-04-19 20:34:18,535 - INFO - Speed detection completed
2025-04-19 20:39:01,500 - INFO - Speeding vehicle 23 detected! Speed: 117.2 km/h
2025-04-19 20:39:03,795 - INFO - Speed data and detection results saved successfully
2025-04-19 20:39:03,795 - INFO - Total frames processed: 304
2025-04-19 20:39:03,795 - INFO - Total vehicles detected: 17
2025-04-19 20:39:03,796 - INFO - Speeding vehicles: 17
2025-04-19 20:39:03,823 - INFO - Speed detection completed
2025-04-19 20:47:23,373 - INFO - Speeding vehicle 23 detected! Speed: 117.2 km/h
2025-04-19 20:47:25,630 - INFO - Speed data and detection results saved successfully
2025-04-19 20:47:25,630 - INFO - Total frames processed: 303
2025-04-19 20:47:25,631 - INFO - Total vehicles detected: 17
2025-04-19 20:47:25,631 - INFO - Speeding vehicles: 17
2025-04-19 20:47:25,661 - INFO - Speed detection completed
2025-04-19 20:49:46,190 - INFO - Speeding vehicle 1 detected! Speed: 92.5 km/h
2025-04-19 20:49:46,507 - INFO - Speeding vehicle 1 detected! Speed: 84.5 km/h
2025-04-19 20:49:49,042 - INFO - Speeding vehicle 5 detected! Speed: 81.2 km/h
2025-04-19 20:49:49,587 - INFO - Speeding vehicle 5 detected! Speed: 80.7 km/h
2025-04-19 20:49:55,559 - INFO - Speeding vehicle 7 detected! Speed: 83.2 km/h
2025-04-19 20:49:55,665 - INFO - Speeding vehicle 7 detected! Speed: 87.2 km/h
2025-04-19 20:49:56,191 - INFO - Speeding vehicle 9 detected! Speed: 80.1 km/h
2025-04-19 20:49:56,416 - INFO - Speeding vehicle 9 detected! Speed: 87.6 km/h
2025-04-19 20:50:01,399 - INFO - Speeding vehicle 10 detected! Speed: 97.0 km/h
2025-04-19 20:50:01,847 - INFO - Speeding vehicle 10 detected! Speed: 81.9 km/h
2025-04-19 20:50:03,625 - INFO - Speeding vehicle 11 detected! Speed: 81.2 km/h
2025-04-19 20:50:04,665 - INFO - Speeding vehicle 11 detected! Speed: 82.6 km/h
2025-04-19 20:50:07,078 - INFO - Speeding vehicle 12 detected! Speed: 81.3 km/h
2025-04-19 20:50:07,675 - INFO - Speeding vehicle 12 detected! Speed: 98.0 km/h
2025-04-19 20:50:15,656 - INFO - Speeding vehicle 17 detected! Speed: 81.2 km/h
2025-04-19 20:50:16,267 - INFO - Speeding vehicle 17 detected! Speed: 88.1 km/h
2025-04-19 20:50:30,623 - INFO - Speeding vehicle 21 detected! Speed: 85.6 km/h
2025-04-19 20:50:30,952 - INFO - Speeding vehicle 21 detected! Speed: 86.8 km/h
2025-04-19 20:50:38,757 - INFO - Speeding vehicle 23 detected! Speed: 104.6 km/h
2025-04-19 20:50:39,115 - INFO - Speeding vehicle 23 detected! Speed: 108.0 km/h
2025-04-19 20:50:44,706 - INFO - Speeding vehicle 24 detected! Speed: 100.6 km/h
2025-04-19 20:50:44,959 - INFO - Speeding vehicle 24 detected! Speed: 99.6 km/h
2025-04-19 20:50:52,707 - INFO - Speeding vehicle 27 detected! Speed: 118.3 km/h
2025-04-19 20:50:53,011 - INFO - Speeding vehicle 27 detected! Speed: 92.6 km/h
2025-04-19 20:50:56,297 - INFO - Speed data and detection results saved successfully
2025-04-19 20:50:56,297 - INFO - Total frames processed: 304
2025-04-19 20:50:56,297 - INFO - Total vehicles detected: 17
2025-04-19 20:50:56,298 - INFO - Speeding vehicles: 17
2025-04-19 20:50:56,327 - INFO - Speed detection completed
2025-04-19 20:54:35,586 - INFO - Speeding vehicle 4 detected! Speed: 96.2 km/h
2025-04-19 20:54:44,648 - INFO - Speeding vehicle 8 detected! Speed: 81.6 km/h
2025-04-19 20:54:48,103 - INFO - Speeding vehicle 24 detected! Speed: 80.4 km/h
2025-04-19 20:54:53,120 - INFO - Speeding vehicle 15 detected! Speed: 81.9 km/h
2025-04-19 20:54:54,632 - INFO - Speeding vehicle 49 detected! Speed: 187.1 km/h
2025-04-19 20:55:02,230 - INFO - Speed data and detection results saved successfully
2025-04-19 20:55:02,230 - INFO - Total frames processed: 275
2025-04-19 20:55:02,230 - INFO - Total vehicles detected: 44
2025-04-19 20:55:02,230 - INFO - Speeding vehicles: 44
2025-04-19 20:55:02,262 - INFO - Speed detection completed
2025-04-19 20:57:52,252 - INFO - Speeding vehicle 4 detected! Speed: 96.2 km/h
2025-04-19 20:57:59,983 - INFO - Speed data and detection results saved successfully
2025-04-19 20:57:59,983 - INFO - Total frames processed: 87
2025-04-19 20:57:59,983 - INFO - Total vehicles detected: 20
2025-04-19 20:57:59,984 - INFO - Speeding vehicles: 20
2025-04-19 20:58:00,021 - INFO - Speed detection completed
2025-04-19 21:00:29,780 - INFO - Speeding vehicle 5 detected! Speed: 80.2 km/h
2025-04-19 21:00:30,425 - INFO - Speed data and detection results saved successfully
2025-04-19 21:00:30,426 - INFO - Total frames processed: 59
2025-04-19 21:00:30,426 - INFO - Total vehicles detected: 4
2025-04-19 21:00:30,426 - INFO - Speeding vehicles: 4
2025-04-19 21:00:30,462 - INFO - Speed detection completed
2025-04-19 21:01:48,885 - INFO - Speeding vehicle 5 detected! Speed: 80.2 km/h
2025-04-19 21:01:54,108 - INFO - Speeding vehicle 7 detected! Speed: 81.8 km/h
2025-04-19 21:01:56,131 - INFO - Speeding vehicle 9 detected! Speed: 80.9 km/h
2025-04-19 21:01:57,540 - INFO - Speeding vehicle 10 detected! Speed: 80.5 km/h
2025-04-19 21:01:58,569 - INFO - Speeding vehicle 11 detected! Speed: 80.1 km/h
2025-04-19 21:01:58,574 - INFO - Speed data and detection results saved successfully
2025-04-19 21:01:58,574 - INFO - Total frames processed: 160
2025-04-19 21:01:58,575 - INFO - Total vehicles detected: 9
2025-04-19 21:01:58,575 - INFO - Speeding vehicles: 9
2025-04-19 21:01:58,620 - INFO - Speed detection completed
2025-04-19 21:19:30,159 - INFO - Speeding vehicle 5 detected! Speed: 80.2 km/h
2025-04-19 21:19:36,564 - INFO - Speeding vehicle 7 detected! Speed: 81.8 km/h
2025-04-19 21:19:38,997 - INFO - Speeding vehicle 9 detected! Speed: 80.9 km/h
2025-04-19 21:19:40,639 - INFO - Speeding vehicle 10 detected! Speed: 80.5 km/h
2025-04-19 21:19:41,798 - INFO - Speeding vehicle 11 detected! Speed: 80.1 km/h
2025-04-19 21:19:42,360 - INFO - Speeding vehicle 12 detected! Speed: 80.1 km/h
2025-04-19 21:19:43,759 - INFO - Speeding vehicle 17 detected! Speed: 83.0 km/h
2025-04-19 21:19:49,055 - INFO - Speeding vehicle 21 detected! Speed: 86.3 km/h
2025-04-19 21:19:49,164 - INFO - Speed data and detection results saved successfully
2025-04-19 21:19:49,164 - INFO - Total frames processed: 229
2025-04-19 21:19:49,165 - INFO - Total vehicles detected: 13
2025-04-19 21:19:49,165 - INFO - Speeding vehicles: 2
2025-04-19 21:19:49,212 - INFO - Speed detection completed
2025-04-20 09:08:39,945 - INFO - Speeding vehicle 5 detected! Speed: 80.2 km/h
2025-04-20 09:08:46,582 - INFO - Speeding vehicle 7 detected! Speed: 81.8 km/h
2025-04-20 09:08:49,062 - INFO - Speeding vehicle 9 detected! Speed: 80.9 km/h
2025-04-20 09:08:50,775 - INFO - Speeding vehicle 10 detected! Speed: 80.5 km/h
2025-04-20 09:08:51,960 - INFO - Speeding vehicle 11 detected! Speed: 80.1 km/h
2025-04-20 09:08:52,580 - INFO - Speeding vehicle 12 detected! Speed: 80.1 km/h
2025-04-20 09:08:54,104 - INFO - Speeding vehicle 17 detected! Speed: 83.0 km/h
2025-04-20 09:08:59,690 - INFO - Speeding vehicle 21 detected! Speed: 86.3 km/h
2025-04-20 09:09:02,282 - INFO - Speeding vehicle 23 detected! Speed: 80.4 km/h
2025-04-20 09:09:04,459 - INFO - Speeding vehicle 24 detected! Speed: 86.6 km/h
2025-04-20 09:09:06,667 - INFO - Speeding vehicle 27 detected! Speed: 91.0 km/h
2025-04-20 09:09:08,164 - INFO - Speed data and detection results saved successfully
2025-04-20 09:09:08,164 - INFO - Total frames processed: 304
2025-04-20 09:09:08,164 - INFO - Total vehicles detected: 17
2025-04-20 09:09:08,164 - INFO - Speeding vehicles: 4
2025-04-20 09:09:08,246 - INFO - Speed detection completed
2025-04-20 09:12:12,549 - INFO - Speeding vehicle 5 detected! Speed: 80.2 km/h
2025-04-20 09:12:18,845 - INFO - Speeding vehicle 7 detected! Speed: 81.8 km/h
2025-04-20 09:12:21,363 - INFO - Speeding vehicle 9 detected! Speed: 80.9 km/h
2025-04-20 09:12:23,001 - INFO - Speeding vehicle 10 detected! Speed: 80.5 km/h
2025-04-20 09:12:24,182 - INFO - Speeding vehicle 11 detected! Speed: 80.1 km/h
2025-04-20 09:12:24,697 - INFO - Speeding vehicle 12 detected! Speed: 80.1 km/h
2025-04-20 09:12:26,251 - INFO - Speeding vehicle 17 detected! Speed: 83.0 km/h
2025-04-20 09:12:31,566 - INFO - Speeding vehicle 21 detected! Speed: 86.3 km/h
2025-04-20 09:12:34,021 - INFO - Speeding vehicle 23 detected! Speed: 80.4 km/h
2025-04-20 09:12:36,155 - INFO - Speeding vehicle 24 detected! Speed: 86.6 km/h
2025-04-20 09:12:38,335 - INFO - Speeding vehicle 27 detected! Speed: 91.0 km/h
2025-04-20 09:12:39,729 - INFO - Speed data and detection results saved successfully
2025-04-20 09:12:39,730 - INFO - Total frames processed: 304
2025-04-20 09:12:39,730 - INFO - Total vehicles detected: 17
2025-04-20 09:12:39,730 - INFO - Speeding vehicles: 4
2025-04-20 09:12:39,756 - INFO - Speed detection completed
2025-04-21 09:29:27,426 - INFO - Speeding vehicle 5 detected! Speed: 80.2 km/h
2025-04-21 09:29:33,388 - INFO - Speeding vehicle 7 detected! Speed: 81.8 km/h
2025-04-21 09:29:35,870 - INFO - Speeding vehicle 9 detected! Speed: 80.9 km/h
2025-04-21 09:29:37,419 - INFO - Speeding vehicle 10 detected! Speed: 80.5 km/h
2025-04-21 09:29:38,618 - INFO - Speeding vehicle 11 detected! Speed: 80.1 km/h
2025-04-21 09:29:39,165 - INFO - Speeding vehicle 12 detected! Speed: 80.1 km/h
2025-04-21 09:29:40,627 - INFO - Speeding vehicle 17 detected! Speed: 83.0 km/h
2025-04-21 09:29:45,717 - INFO - Speeding vehicle 21 detected! Speed: 86.3 km/h
2025-04-21 09:29:48,087 - INFO - Speeding vehicle 23 detected! Speed: 80.4 km/h
2025-04-21 09:29:50,181 - INFO - Speeding vehicle 24 detected! Speed: 86.6 km/h
2025-04-21 09:29:52,322 - INFO - Speeding vehicle 27 detected! Speed: 91.0 km/h
2025-04-21 09:29:53,662 - INFO - Speed data and detection results saved successfully
2025-04-21 09:29:53,662 - INFO - Total frames processed: 304
2025-04-21 09:29:53,662 - INFO - Total vehicles detected: 17
2025-04-21 09:29:53,662 - INFO - Speeding vehicles: 4
2025-04-21 09:29:53,663 - INFO - Speeding vehicle IDs: [17, 23, 24, 27]
2025-04-21 09:29:53,720 - INFO - Speed detection completed
2025-04-21 09:30:31,551 - INFO - Speeding vehicle 5 detected! Speed: 80.2 km/h
2025-04-21 09:30:37,547 - INFO - Speeding vehicle 7 detected! Speed: 81.8 km/h
2025-04-21 09:30:39,949 - INFO - Speeding vehicle 9 detected! Speed: 80.9 km/h
2025-04-21 09:30:41,467 - INFO - Speeding vehicle 10 detected! Speed: 80.5 km/h
2025-04-21 09:30:42,626 - INFO - Speeding vehicle 11 detected! Speed: 80.1 km/h
2025-04-21 09:30:43,169 - INFO - Speeding vehicle 12 detected! Speed: 80.1 km/h
2025-04-21 09:30:44,663 - INFO - Speeding vehicle 17 detected! Speed: 83.0 km/h
2025-04-21 09:30:50,012 - INFO - Speeding vehicle 21 detected! Speed: 86.3 km/h
2025-04-21 09:30:52,335 - INFO - Speeding vehicle 23 detected! Speed: 80.4 km/h
2025-04-21 09:30:54,461 - INFO - Speeding vehicle 24 detected! Speed: 86.6 km/h
2025-04-21 09:30:56,460 - INFO - Speeding vehicle 27 detected! Speed: 91.0 km/h
2025-04-21 09:30:57,866 - INFO - Speed data and detection results saved successfully
2025-04-21 09:30:57,867 - INFO - Total frames processed: 304
2025-04-21 09:30:57,867 - INFO - Total vehicles detected: 17
2025-04-21 09:30:57,867 - INFO - Speeding vehicles: 4
2025-04-21 09:30:57,868 - INFO - Speeding vehicle IDs: [17, 23, 24, 27]
2025-04-21 09:30:57,902 - INFO - Speed detection completed
2025-04-21 09:32:17,678 - INFO - Speeding vehicle 5 detected! Speed: 80.2 km/h
2025-04-21 09:32:17,799 - INFO - Speeding vehicle 5 detected! Speed: 80.6 km/h
2025-04-21 09:32:17,912 - INFO - Speeding vehicle 5 detected! Speed: 80.9 km/h
2025-04-21 09:32:25,080 - INFO - Speeding vehicle 7 detected! Speed: 81.8 km/h
2025-04-21 09:32:25,190 - INFO - Speeding vehicle 7 detected! Speed: 83.9 km/h
2025-04-21 09:32:25,303 - INFO - Speeding vehicle 7 detected! Speed: 86.0 km/h
2025-04-21 09:32:27,616 - INFO - Speeding vehicle 9 detected! Speed: 80.9 km/h
2025-04-21 09:32:27,746 - INFO - Speeding vehicle 9 detected! Speed: 82.0 km/h
2025-04-21 09:32:27,892 - INFO - Speeding vehicle 9 detected! Speed: 82.7 km/h
2025-04-21 09:32:29,398 - INFO - Speeding vehicle 10 detected! Speed: 80.5 km/h
2025-04-21 09:32:29,543 - INFO - Speeding vehicle 10 detected! Speed: 81.7 km/h
2025-04-21 09:32:29,662 - INFO - Speeding vehicle 10 detected! Speed: 82.6 km/h
2025-04-21 09:32:30,675 - INFO - Speeding vehicle 11 detected! Speed: 80.1 km/h
2025-04-21 09:32:30,824 - INFO - Speeding vehicle 11 detected! Speed: 80.6 km/h
2025-04-21 09:32:30,974 - INFO - Speeding vehicle 11 detected! Speed: 80.9 km/h
2025-04-21 09:32:31,362 - INFO - Speeding vehicle 12 detected! Speed: 80.1 km/h
2025-04-21 09:32:31,488 - INFO - Speeding vehicle 12 detected! Speed: 81.3 km/h
2025-04-21 09:32:31,608 - INFO - Speeding vehicle 12 detected! Speed: 82.4 km/h
2025-04-21 09:32:33,016 - INFO - Speeding vehicle 17 detected! Speed: 83.0 km/h
2025-04-21 09:32:33,266 - INFO - Speeding vehicle 17 detected! Speed: 90.0 km/h
2025-04-21 09:32:33,383 - INFO - Speeding vehicle 17 detected! Speed: 90.0 km/h
2025-04-21 09:32:38,489 - INFO - Speeding vehicle 21 detected! Speed: 86.3 km/h
2025-04-21 09:32:39,070 - INFO - Speeding vehicle 21 detected! Speed: 81.9 km/h
2025-04-21 09:32:39,186 - INFO - Speeding vehicle 21 detected! Speed: 84.9 km/h
2025-04-21 09:32:41,078 - INFO - Speeding vehicle 23 detected! Speed: 80.4 km/h
2025-04-21 09:32:41,187 - INFO - Speeding vehicle 23 detected! Speed: 83.0 km/h
2025-04-21 09:32:41,302 - INFO - Speeding vehicle 23 detected! Speed: 81.3 km/h
2025-04-21 09:32:43,462 - INFO - Speeding vehicle 24 detected! Speed: 86.6 km/h
2025-04-21 09:32:43,585 - INFO - Speeding vehicle 24 detected! Speed: 93.9 km/h
2025-04-21 09:32:43,729 - INFO - Speeding vehicle 24 detected! Speed: 90.3 km/h
2025-04-21 09:32:45,903 - INFO - Speeding vehicle 27 detected! Speed: 91.0 km/h
2025-04-21 09:32:46,196 - INFO - Speeding vehicle 27 detected! Speed: 93.3 km/h
2025-04-21 09:32:46,315 - INFO - Speeding vehicle 27 detected! Speed: 103.0 km/h
2025-04-21 09:32:47,538 - INFO - Speed data and detection results saved successfully
2025-04-21 09:32:47,539 - INFO - Total frames processed: 304
2025-04-21 09:32:47,539 - INFO - Total vehicles detected: 28
2025-04-21 09:32:47,539 - INFO - Speeding vehicles: 4
2025-04-21 09:32:47,539 - INFO - Speeding vehicle IDs: [17, 23, 24, 27]
2025-04-21 09:32:47,576 - INFO - Speed detection completed
2025-04-21 09:41:12,987 - INFO - Speeding vehicle 5 detected! Speed: 80.2 km/h
2025-04-21 09:41:13,092 - INFO - Speeding vehicle 5 detected! Speed: 80.6 km/h
2025-04-21 09:41:13,203 - INFO - Speeding vehicle 5 detected! Speed: 80.9 km/h
2025-04-21 09:41:18,686 - INFO - Speeding vehicle 7 detected! Speed: 81.8 km/h
2025-04-21 09:41:18,798 - INFO - Speeding vehicle 7 detected! Speed: 83.9 km/h
2025-04-21 09:41:18,914 - INFO - Speeding vehicle 7 detected! Speed: 86.0 km/h
2025-04-21 09:41:21,015 - INFO - Speeding vehicle 9 detected! Speed: 80.9 km/h
2025-04-21 09:41:21,125 - INFO - Speeding vehicle 9 detected! Speed: 82.0 km/h
2025-04-21 09:41:21,223 - INFO - Speeding vehicle 9 detected! Speed: 82.7 km/h
2025-04-21 09:41:22,523 - INFO - Speeding vehicle 10 detected! Speed: 80.5 km/h
2025-04-21 09:41:22,620 - INFO - Speeding vehicle 10 detected! Speed: 81.7 km/h
2025-04-21 09:41:22,723 - INFO - Speeding vehicle 10 detected! Speed: 82.6 km/h
2025-04-21 09:41:23,624 - INFO - Speeding vehicle 11 detected! Speed: 80.1 km/h
2025-04-21 09:41:23,735 - INFO - Speeding vehicle 11 detected! Speed: 80.6 km/h
2025-04-21 09:41:23,838 - INFO - Speeding vehicle 11 detected! Speed: 80.9 km/h
2025-04-21 09:41:24,143 - INFO - Speeding vehicle 12 detected! Speed: 80.1 km/h
2025-04-21 09:41:24,253 - INFO - Speeding vehicle 12 detected! Speed: 81.3 km/h
2025-04-21 09:41:24,374 - INFO - Speeding vehicle 12 detected! Speed: 82.4 km/h
2025-04-21 09:41:25,605 - INFO - Speeding vehicle 17 detected! Speed: 83.0 km/h
2025-04-21 09:41:25,812 - INFO - Speeding vehicle 17 detected! Speed: 90.0 km/h
2025-04-21 09:41:25,913 - INFO - Speeding vehicle 17 detected! Speed: 90.0 km/h
2025-04-21 09:41:30,682 - INFO - Speeding vehicle 21 detected! Speed: 86.3 km/h
2025-04-21 09:41:31,194 - INFO - Speeding vehicle 21 detected! Speed: 81.9 km/h
2025-04-21 09:41:31,297 - INFO - Speeding vehicle 21 detected! Speed: 84.9 km/h
2025-04-21 09:41:33,054 - INFO - Speeding vehicle 23 detected! Speed: 80.4 km/h
2025-04-21 09:41:33,180 - INFO - Speeding vehicle 23 detected! Speed: 83.0 km/h
2025-04-21 09:41:33,287 - INFO - Speeding vehicle 23 detected! Speed: 81.3 km/h
2025-04-21 09:41:35,111 - INFO - Speeding vehicle 24 detected! Speed: 86.6 km/h
2025-04-21 09:41:35,218 - INFO - Speeding vehicle 24 detected! Speed: 93.9 km/h
2025-04-21 09:41:35,333 - INFO - Speeding vehicle 24 detected! Speed: 90.3 km/h
2025-04-21 09:41:37,159 - INFO - Speeding vehicle 27 detected! Speed: 91.0 km/h
2025-04-21 09:41:37,358 - INFO - Speeding vehicle 27 detected! Speed: 93.3 km/h
2025-04-21 09:41:37,471 - INFO - Speeding vehicle 27 detected! Speed: 103.0 km/h
2025-04-21 09:41:38,475 - INFO - Speed data and detection results saved successfully
2025-04-21 09:41:38,475 - INFO - Total frames processed: 304
2025-04-21 09:41:38,476 - INFO - Total vehicles detected: 28
2025-04-21 09:41:38,476 - INFO - Speeding vehicles: 4
2025-04-21 09:41:38,477 - INFO - Speeding vehicle IDs: [17, 23, 24, 27]
2025-04-21 09:41:38,503 - INFO - Speed detection completed
2025-04-21 10:06:12,038 - INFO - Speeding vehicle 5 detected! Speed: 80.2 km/h
2025-04-21 10:06:12,147 - INFO - Speeding vehicle 5 detected! Speed: 80.6 km/h
2025-04-21 10:06:12,250 - INFO - Speeding vehicle 5 detected! Speed: 80.9 km/h
2025-04-21 10:06:18,904 - INFO - Speeding vehicle 7 detected! Speed: 81.8 km/h
2025-04-21 10:06:19,071 - INFO - Speeding vehicle 7 detected! Speed: 83.9 km/h
2025-04-21 10:06:19,243 - INFO - Speeding vehicle 7 detected! Speed: 86.0 km/h
2025-04-21 10:06:22,344 - INFO - Speeding vehicle 9 detected! Speed: 80.9 km/h
2025-04-21 10:06:22,508 - INFO - Speeding vehicle 9 detected! Speed: 82.0 km/h
2025-04-21 10:06:22,654 - INFO - Speeding vehicle 9 detected! Speed: 82.7 km/h
2025-04-21 10:06:25,015 - INFO - Speeding vehicle 10 detected! Speed: 80.5 km/h
2025-04-21 10:06:25,202 - INFO - Speeding vehicle 10 detected! Speed: 81.7 km/h
2025-04-21 10:06:25,390 - INFO - Speeding vehicle 10 detected! Speed: 82.6 km/h
2025-04-21 10:06:26,990 - INFO - Speeding vehicle 11 detected! Speed: 80.1 km/h
2025-04-21 10:06:27,175 - INFO - Speeding vehicle 11 detected! Speed: 80.6 km/h
2025-04-21 10:06:27,359 - INFO - Speeding vehicle 11 detected! Speed: 80.9 km/h
2025-04-21 10:06:27,890 - INFO - Speeding vehicle 12 detected! Speed: 80.1 km/h
2025-04-21 10:06:28,248 - INFO - Speeding vehicle 12 detected! Speed: 81.3 km/h
2025-04-21 10:06:28,440 - INFO - Speeding vehicle 12 detected! Speed: 82.4 km/h
2025-04-21 10:06:30,475 - INFO - Speeding vehicle 17 detected! Speed: 83.0 km/h
2025-04-21 10:06:30,829 - INFO - Speeding vehicle 17 detected! Speed: 90.0 km/h
2025-04-21 10:06:31,017 - INFO - Speeding vehicle 17 detected! Speed: 90.0 km/h
2025-04-21 10:06:37,894 - INFO - Speeding vehicle 21 detected! Speed: 86.3 km/h
2025-04-21 10:06:38,622 - INFO - Speeding vehicle 21 detected! Speed: 81.9 km/h
2025-04-21 10:06:38,772 - INFO - Speeding vehicle 21 detected! Speed: 84.9 km/h
2025-04-21 10:06:41,188 - INFO - Speeding vehicle 23 detected! Speed: 80.4 km/h
2025-04-21 10:06:41,348 - INFO - Speeding vehicle 23 detected! Speed: 83.0 km/h
2025-04-21 10:06:41,501 - INFO - Speeding vehicle 23 detected! Speed: 81.3 km/h
2025-04-21 10:06:43,998 - INFO - Speeding vehicle 24 detected! Speed: 86.6 km/h
2025-04-21 10:06:44,152 - INFO - Speeding vehicle 24 detected! Speed: 93.9 km/h
2025-04-21 10:06:44,304 - INFO - Speeding vehicle 24 detected! Speed: 90.3 km/h
2025-04-21 10:06:46,821 - INFO - Speeding vehicle 27 detected! Speed: 91.0 km/h
2025-04-21 10:06:47,111 - INFO - Speeding vehicle 27 detected! Speed: 93.3 km/h
2025-04-21 10:06:47,263 - INFO - Speeding vehicle 27 detected! Speed: 103.0 km/h
2025-04-21 10:06:48,821 - INFO - Speed data and detection results saved successfully
2025-04-21 10:06:48,822 - INFO - Total frames processed: 304
2025-04-21 10:06:48,822 - INFO - Total vehicles detected: 28
2025-04-21 10:06:48,822 - INFO - Speeding vehicles: 4
2025-04-21 10:06:48,822 - INFO - Speeding vehicle IDs: [17, 23, 24, 27]
2025-04-21 10:06:48,844 - INFO - Speed detection completed
2025-04-21 10:08:42,793 - INFO - Speeding vehicle 5 detected! Speed: 80.2 km/h
2025-04-21 10:08:42,906 - INFO - Speeding vehicle 5 detected! Speed: 80.6 km/h
2025-04-21 10:08:43,015 - INFO - Speeding vehicle 5 detected! Speed: 80.9 km/h
2025-04-21 10:08:51,418 - INFO - Speeding vehicle 7 detected! Speed: 81.8 km/h
2025-04-21 10:08:51,516 - INFO - Speeding vehicle 7 detected! Speed: 83.9 km/h
2025-04-21 10:08:51,615 - INFO - Speeding vehicle 7 detected! Speed: 86.0 km/h
2025-04-21 10:08:54,368 - INFO - Speeding vehicle 9 detected! Speed: 80.9 km/h
2025-04-21 10:08:54,484 - INFO - Speeding vehicle 9 detected! Speed: 82.0 km/h
2025-04-21 10:08:54,581 - INFO - Speeding vehicle 9 detected! Speed: 82.7 km/h
2025-04-21 10:08:55,927 - INFO - Speeding vehicle 10 detected! Speed: 80.5 km/h
2025-04-21 10:08:56,035 - INFO - Speeding vehicle 10 detected! Speed: 81.7 km/h
2025-04-21 10:08:56,148 - INFO - Speeding vehicle 10 detected! Speed: 82.6 km/h
2025-04-21 10:08:57,227 - INFO - Speeding vehicle 11 detected! Speed: 80.1 km/h
2025-04-21 10:08:57,401 - INFO - Speeding vehicle 11 detected! Speed: 80.6 km/h
2025-04-21 10:08:57,573 - INFO - Speeding vehicle 11 detected! Speed: 80.9 km/h
2025-04-21 10:08:58,058 - INFO - Speeding vehicle 12 detected! Speed: 80.1 km/h
2025-04-21 10:08:58,218 - INFO - Speeding vehicle 12 detected! Speed: 81.3 km/h
2025-04-21 10:08:58,393 - INFO - Speeding vehicle 12 detected! Speed: 82.4 km/h
2025-04-21 10:09:00,290 - INFO - Speeding vehicle 17 detected! Speed: 83.0 km/h
2025-04-21 10:09:00,612 - INFO - Speeding vehicle 17 detected! Speed: 90.0 km/h
2025-04-21 10:09:00,708 - INFO - Speeding vehicle 17 detected! Speed: 90.0 km/h
2025-04-21 10:09:05,348 - INFO - Speeding vehicle 21 detected! Speed: 86.3 km/h
2025-04-21 10:09:05,846 - INFO - Speeding vehicle 21 detected! Speed: 81.9 km/h
2025-04-21 10:09:05,946 - INFO - Speeding vehicle 21 detected! Speed: 84.9 km/h
2025-04-21 10:09:07,633 - INFO - Speeding vehicle 23 detected! Speed: 80.4 km/h
2025-04-21 10:09:07,751 - INFO - Speeding vehicle 23 detected! Speed: 83.0 km/h
2025-04-21 10:09:07,864 - INFO - Speeding vehicle 23 detected! Speed: 81.3 km/h
2025-04-21 10:09:09,632 - INFO - Speeding vehicle 24 detected! Speed: 86.6 km/h
2025-04-21 10:09:09,729 - INFO - Speeding vehicle 24 detected! Speed: 93.9 km/h
2025-04-21 10:09:09,833 - INFO - Speeding vehicle 24 detected! Speed: 90.3 km/h
2025-04-21 10:09:11,644 - INFO - Speeding vehicle 27 detected! Speed: 91.0 km/h
2025-04-21 10:09:11,850 - INFO - Speeding vehicle 27 detected! Speed: 93.3 km/h
2025-04-21 10:09:11,968 - INFO - Speeding vehicle 27 detected! Speed: 103.0 km/h
2025-04-21 10:09:13,001 - INFO - Speed data and detection results saved successfully
2025-04-21 10:09:13,001 - INFO - Total frames processed: 304
2025-04-21 10:09:13,001 - INFO - Total vehicles detected: 28
2025-04-21 10:09:13,001 - INFO - Speeding vehicles: 4
2025-04-21 10:09:13,001 - INFO - Speeding vehicle IDs: [17, 23, 24, 27]
2025-04-21 10:09:13,023 - INFO - Speed detection completed
2025-04-21 10:12:58,925 - WARNING - Neither CUDA nor MPS are available - defaulting to CPU. Note: This module is much faster with a GPU.
2025-04-21 10:13:00,417 - INFO -  * Restarting with watchdog (windowsapi)
2025-04-21 10:13:04,083 - WARNING - Neither CUDA nor MPS are available - defaulting to CPU. Note: This module is much faster with a GPU.
2025-04-21 10:13:05,498 - WARNING -  * Debugger is active!
2025-04-21 10:13:05,500 - INFO -  * Debugger PIN: 954-123-181
2025-04-21 10:13:05,565 - INFO -  * Running on http://127.0.0.1:5000/ (Press CTRL+C to quit)
2025-04-21 10:15:54,989 - WARNING - Neither CUDA nor MPS are available - defaulting to CPU. Note: This module is much faster with a GPU.
2025-04-21 10:15:56,249 - INFO -  * Restarting with watchdog (windowsapi)
2025-04-21 10:15:59,576 - WARNING - Neither CUDA nor MPS are available - defaulting to CPU. Note: This module is much faster with a GPU.
2025-04-21 10:16:00,871 - WARNING -  * Debugger is active!
2025-04-21 10:16:00,872 - INFO -  * Debugger PIN: 954-123-181
2025-04-21 10:16:00,928 - INFO -  * Running on http://127.0.0.1:5000/ (Press CTRL+C to quit)
2025-04-21 10:16:21,212 - INFO - 127.0.0.1 - - [21/Apr/2025 10:16:21] "GET / HTTP/1.1" 200 -
2025-04-21 10:16:21,476 - INFO - Speed data and detection results saved successfully
2025-04-21 10:16:21,477 - INFO - Total frames processed: 0
2025-04-21 10:16:21,477 - INFO - Total vehicles detected: 0
2025-04-21 10:16:21,477 - INFO - Speeding vehicles: 0
2025-04-21 10:16:21,477 - INFO - Speeding vehicle IDs: []
2025-04-21 10:16:21,478 - INFO - 127.0.0.1 - - [21/Apr/2025 10:16:21] "GET /video_feed HTTP/1.1" 200 -
2025-04-21 10:16:24,005 - INFO - 127.0.0.1 - - [21/Apr/2025 10:16:24] "GET /start HTTP/1.1" 200 -
2025-04-21 10:16:25,016 - INFO - 127.0.0.1 - - [21/Apr/2025 10:16:25] "GET /get_results HTTP/1.1" 200 -
2025-04-21 10:16:25,256 - INFO - 127.0.0.1 - - [21/Apr/2025 10:16:25] "GET /start HTTP/1.1" 200 -
2025-04-21 10:16:26,022 - INFO - 127.0.0.1 - - [21/Apr/2025 10:16:26] "GET /get_results HTTP/1.1" 200 -
2025-04-21 10:16:26,263 - INFO - 127.0.0.1 - - [21/Apr/2025 10:16:26] "GET /get_results HTTP/1.1" 200 -
2025-04-21 10:16:27,021 - INFO - 127.0.0.1 - - [21/Apr/2025 10:16:27] "GET /get_results HTTP/1.1" 200 -
2025-04-21 10:16:27,266 - INFO - 127.0.0.1 - - [21/Apr/2025 10:16:27] "GET /get_results HTTP/1.1" 200 -
2025-04-21 10:16:28,013 - INFO - 127.0.0.1 - - [21/Apr/2025 10:16:28] "GET /get_results HTTP/1.1" 200 -
2025-04-21 10:16:28,271 - INFO - 127.0.0.1 - - [21/Apr/2025 10:16:28] "GET /get_results HTTP/1.1" 200 -
2025-04-21 10:16:29,013 - INFO - 127.0.0.1 - - [21/Apr/2025 10:16:29] "GET /get_results HTTP/1.1" 200 -
2025-04-21 10:16:29,270 - INFO - 127.0.0.1 - - [21/Apr/2025 10:16:29] "GET /get_results HTTP/1.1" 200 -
2025-04-21 10:16:30,011 - INFO - 127.0.0.1 - - [21/Apr/2025 10:16:30] "GET /get_results HTTP/1.1" 200 -
2025-04-21 10:16:30,265 - INFO - 127.0.0.1 - - [21/Apr/2025 10:16:30] "GET /get_results HTTP/1.1" 200 -
2025-04-21 10:16:31,021 - INFO - 127.0.0.1 - - [21/Apr/2025 10:16:31] "GET /get_results HTTP/1.1" 200 -
2025-04-21 10:16:31,269 - INFO - 127.0.0.1 - - [21/Apr/2025 10:16:31] "GET /get_results HTTP/1.1" 200 -
2025-04-21 10:16:31,823 - INFO - 127.0.0.1 - - [21/Apr/2025 10:16:31] "GET / HTTP/1.1" 200 -
2025-04-21 10:16:32,988 - INFO - 127.0.0.1 - - [21/Apr/2025 10:16:32] "GET /video_feed HTTP/1.1" 200 -
2025-04-21 10:16:37,383 - INFO - 127.0.0.1 - - [21/Apr/2025 10:16:37] "GET /start HTTP/1.1" 200 -
2025-04-21 10:16:38,398 - INFO - 127.0.0.1 - - [21/Apr/2025 10:16:38] "GET /get_results HTTP/1.1" 200 -
2025-04-21 10:16:39,389 - INFO - 127.0.0.1 - - [21/Apr/2025 10:16:39] "GET /get_results HTTP/1.1" 200 -
2025-04-21 10:16:40,401 - INFO - 127.0.0.1 - - [21/Apr/2025 10:16:40] "GET /get_results HTTP/1.1" 200 -
2025-04-21 10:16:40,954 - INFO - Speed data and detection results saved successfully
2025-04-21 10:16:40,954 - INFO - Total frames processed: 52
2025-04-21 10:16:40,954 - INFO - Total vehicles detected: 6
2025-04-21 10:16:40,955 - INFO - Speeding vehicles: 1
2025-04-21 10:16:40,955 - INFO - Speeding vehicle IDs: [5]
2025-04-21 10:16:41,404 - INFO - 127.0.0.1 - - [21/Apr/2025 10:16:41] "GET /get_results HTTP/1.1" 200 -
2025-04-21 10:16:42,389 - INFO - 127.0.0.1 - - [21/Apr/2025 10:16:42] "GET /get_results HTTP/1.1" 200 -
2025-04-21 10:16:43,398 - INFO - 127.0.0.1 - - [21/Apr/2025 10:16:43] "GET /get_results HTTP/1.1" 200 -
2025-04-21 10:16:44,393 - INFO - 127.0.0.1 - - [21/Apr/2025 10:16:44] "GET /get_results HTTP/1.1" 200 -
2025-04-21 10:16:45,393 - INFO - 127.0.0.1 - - [21/Apr/2025 10:16:45] "GET /get_results HTTP/1.1" 200 -
2025-04-21 10:16:46,395 - INFO - 127.0.0.1 - - [21/Apr/2025 10:16:46] "GET /get_results HTTP/1.1" 200 -
2025-04-21 10:16:47,396 - INFO - 127.0.0.1 - - [21/Apr/2025 10:16:47] "GET /get_results HTTP/1.1" 200 -
2025-04-21 10:16:48,397 - INFO - 127.0.0.1 - - [21/Apr/2025 10:16:48] "GET /get_results HTTP/1.1" 200 -
2025-04-21 10:16:49,397 - INFO - 127.0.0.1 - - [21/Apr/2025 10:16:49] "GET /get_results HTTP/1.1" 200 -
2025-04-21 10:16:50,398 - INFO - 127.0.0.1 - - [21/Apr/2025 10:16:50] "GET /get_results HTTP/1.1" 200 -
2025-04-21 10:16:51,401 - INFO - 127.0.0.1 - - [21/Apr/2025 10:16:51] "GET /get_results HTTP/1.1" 200 -
2025-04-21 10:16:52,399 - INFO - 127.0.0.1 - - [21/Apr/2025 10:16:52] "GET /get_results HTTP/1.1" 200 -
2025-04-21 10:16:53,399 - INFO - 127.0.0.1 - - [21/Apr/2025 10:16:53] "GET /get_results HTTP/1.1" 200 -
2025-04-21 10:16:54,388 - INFO - 127.0.0.1 - - [21/Apr/2025 10:16:54] "GET /get_results HTTP/1.1" 200 -
2025-04-21 10:16:55,400 - INFO - 127.0.0.1 - - [21/Apr/2025 10:16:55] "GET /get_results HTTP/1.1" 200 -
2025-04-21 10:16:55,663 - INFO - 127.0.0.1 - - [21/Apr/2025 10:16:55] "GET / HTTP/1.1" 200 -
2025-04-21 10:16:55,797 - INFO - Speed data and detection results saved successfully
2025-04-21 10:16:55,798 - INFO - Total frames processed: 0
2025-04-21 10:16:55,798 - INFO - Total vehicles detected: 0
2025-04-21 10:16:55,798 - INFO - Speeding vehicles: 0
2025-04-21 10:16:55,799 - INFO - Speeding vehicle IDs: []
2025-04-21 10:16:55,799 - INFO - 127.0.0.1 - - [21/Apr/2025 10:16:55] "GET /video_feed HTTP/1.1" 200 -
2025-04-21 10:16:58,864 - INFO - 127.0.0.1 - - [21/Apr/2025 10:16:58] "GET /start HTTP/1.1" 200 -
2025-04-21 10:16:59,879 - INFO - 127.0.0.1 - - [21/Apr/2025 10:16:59] "GET /get_results HTTP/1.1" 200 -
2025-04-21 10:17:00,878 - INFO - 127.0.0.1 - - [21/Apr/2025 10:17:00] "GET /get_results HTTP/1.1" 200 -
2025-04-21 10:17:01,880 - INFO - 127.0.0.1 - - [21/Apr/2025 10:17:01] "GET /get_results HTTP/1.1" 200 -
2025-04-21 10:17:02,877 - INFO - 127.0.0.1 - - [21/Apr/2025 10:17:02] "GET /get_results HTTP/1.1" 200 -
2025-04-21 10:17:03,871 - INFO - 127.0.0.1 - - [21/Apr/2025 10:17:03] "GET /get_results HTTP/1.1" 200 -
2025-04-21 10:17:04,583 - INFO - 127.0.0.1 - - [21/Apr/2025 10:17:04] "GET / HTTP/1.1" 200 -
2025-04-21 10:17:04,932 - INFO - 127.0.0.1 - - [21/Apr/2025 10:17:04] "GET /video_feed HTTP/1.1" 200 -
2025-04-21 10:17:12,635 - INFO - Speed data and detection results saved successfully
2025-04-21 10:17:12,636 - INFO - Total frames processed: 52
2025-04-21 10:17:12,636 - INFO - Total vehicles detected: 6
2025-04-21 10:17:12,637 - INFO - Speeding vehicles: 1
2025-04-21 10:17:12,637 - INFO - Speeding vehicle IDs: [5]
2025-04-21 10:17:32,970 - INFO - 127.0.0.1 - - [21/Apr/2025 10:17:32] "GET /start HTTP/1.1" 200 -
2025-04-21 10:17:33,984 - INFO - 127.0.0.1 - - [21/Apr/2025 10:17:33] "GET /get_results HTTP/1.1" 200 -
2025-04-21 10:17:34,982 - INFO - 127.0.0.1 - - [21/Apr/2025 10:17:34] "GET /get_results HTTP/1.1" 200 -
2025-04-21 10:17:35,981 - INFO - 127.0.0.1 - - [21/Apr/2025 10:17:35] "GET /get_results HTTP/1.1" 200 -
2025-04-21 10:17:36,961 - INFO - 127.0.0.1 - - [21/Apr/2025 10:17:36] "GET /start HTTP/1.1" 200 -
2025-04-21 10:17:36,977 - INFO - 127.0.0.1 - - [21/Apr/2025 10:17:36] "GET /get_results HTTP/1.1" 200 -
2025-04-21 10:17:37,972 - INFO - 127.0.0.1 - - [21/Apr/2025 10:17:37] "GET /get_results HTTP/1.1" 200 -
2025-04-21 10:17:37,976 - INFO - 127.0.0.1 - - [21/Apr/2025 10:17:37] "GET /get_results HTTP/1.1" 200 -
2025-04-21 10:17:38,446 - INFO - 127.0.0.1 - - [21/Apr/2025 10:17:38] "GET /stop HTTP/1.1" 200 -
2025-04-21 10:17:38,980 - INFO - 127.0.0.1 - - [21/Apr/2025 10:17:38] "GET /get_results HTTP/1.1" 200 -
2025-04-21 10:17:39,976 - INFO - 127.0.0.1 - - [21/Apr/2025 10:17:39] "GET /get_results HTTP/1.1" 200 -
2025-04-21 10:17:40,981 - INFO - 127.0.0.1 - - [21/Apr/2025 10:17:40] "GET /get_results HTTP/1.1" 200 -
2025-04-21 10:17:41,977 - INFO - 127.0.0.1 - - [21/Apr/2025 10:17:41] "GET /get_results HTTP/1.1" 200 -
2025-04-21 10:17:42,979 - INFO - 127.0.0.1 - - [21/Apr/2025 10:17:42] "GET /get_results HTTP/1.1" 200 -
2025-04-21 10:17:43,202 - INFO - 127.0.0.1 - - [21/Apr/2025 10:17:43] "GET /start HTTP/1.1" 200 -
2025-04-21 10:17:43,984 - INFO - 127.0.0.1 - - [21/Apr/2025 10:17:43] "GET /get_results HTTP/1.1" 200 -
2025-04-21 10:17:44,209 - INFO - 127.0.0.1 - - [21/Apr/2025 10:17:44] "GET /get_results HTTP/1.1" 200 -
2025-04-21 10:17:44,977 - INFO - 127.0.0.1 - - [21/Apr/2025 10:17:44] "GET /get_results HTTP/1.1" 200 -
2025-04-21 10:17:45,218 - INFO - 127.0.0.1 - - [21/Apr/2025 10:17:45] "GET /get_results HTTP/1.1" 200 -
2025-04-21 10:17:45,232 - INFO - 127.0.0.1 - - [21/Apr/2025 10:17:45] "GET /stop HTTP/1.1" 200 -
2025-04-21 10:17:45,976 - INFO - 127.0.0.1 - - [21/Apr/2025 10:17:45] "GET /get_results HTTP/1.1" 200 -
2025-04-21 10:17:46,987 - INFO - 127.0.0.1 - - [21/Apr/2025 10:17:46] "GET /get_results HTTP/1.1" 200 -
2025-04-21 10:17:47,990 - INFO - 127.0.0.1 - - [21/Apr/2025 10:17:47] "GET /get_results HTTP/1.1" 200 -
2025-04-21 10:17:48,110 - INFO - 127.0.0.1 - - [21/Apr/2025 10:17:48] "GET / HTTP/1.1" 200 -
2025-04-21 10:17:48,231 - INFO - Speed data and detection results saved successfully
2025-04-21 10:17:48,231 - INFO - Total frames processed: 0
2025-04-21 10:17:48,232 - INFO - Total vehicles detected: 0
2025-04-21 10:17:48,232 - INFO - Speeding vehicles: 0
2025-04-21 10:17:48,232 - INFO - Speeding vehicle IDs: []
2025-04-21 10:17:48,232 - INFO - 127.0.0.1 - - [21/Apr/2025 10:17:48] "GET /video_feed HTTP/1.1" 200 -
2025-04-21 10:31:46,043 - WARNING - Neither CUDA nor MPS are available - defaulting to CPU. Note: This module is much faster with a GPU.
2025-04-21 10:31:47,306 - INFO -  * Restarting with watchdog (windowsapi)
2025-04-21 10:31:50,846 - WARNING - Neither CUDA nor MPS are available - defaulting to CPU. Note: This module is much faster with a GPU.
2025-04-21 10:31:52,197 - WARNING -  * Debugger is active!
2025-04-21 10:31:52,198 - INFO -  * Debugger PIN: 954-123-181
2025-04-21 10:31:52,258 - INFO -  * Running on http://127.0.0.1:5000/ (Press CTRL+C to quit)
2025-04-21 10:32:15,760 - INFO - 127.0.0.1 - - [21/Apr/2025 10:32:15] "GET / HTTP/1.1" 200 -
2025-04-21 10:32:15,780 - INFO - 127.0.0.1 - - [21/Apr/2025 10:32:15] "GET /video_feed HTTP/1.1" 200 -
2025-04-21 10:32:19,327 - INFO - 127.0.0.1 - - [21/Apr/2025 10:32:19] "GET /start HTTP/1.1" 200 -
2025-04-21 10:32:20,340 - INFO - 127.0.0.1 - - [21/Apr/2025 10:32:20] "GET /get_results HTTP/1.1" 200 -
2025-04-21 10:32:21,337 - INFO - 127.0.0.1 - - [21/Apr/2025 10:32:21] "GET /get_results HTTP/1.1" 200 -
2025-04-21 10:32:22,340 - INFO - 127.0.0.1 - - [21/Apr/2025 10:32:22] "GET /get_results HTTP/1.1" 200 -
2025-04-21 10:32:22,765 - INFO - 127.0.0.1 - - [21/Apr/2025 10:32:22] "GET /start HTTP/1.1" 200 -
2025-04-21 10:32:23,335 - INFO - 127.0.0.1 - - [21/Apr/2025 10:32:23] "GET /get_results HTTP/1.1" 200 -
2025-04-21 10:32:23,778 - INFO - 127.0.0.1 - - [21/Apr/2025 10:32:23] "GET /get_results HTTP/1.1" 200 -
2025-04-21 10:32:24,337 - INFO - 127.0.0.1 - - [21/Apr/2025 10:32:24] "GET /get_results HTTP/1.1" 200 -
2025-04-21 10:32:24,780 - INFO - 127.0.0.1 - - [21/Apr/2025 10:32:24] "GET /get_results HTTP/1.1" 200 -
2025-04-21 10:32:25,336 - INFO - 127.0.0.1 - - [21/Apr/2025 10:32:25] "GET /get_results HTTP/1.1" 200 -
2025-04-21 10:32:25,775 - INFO - 127.0.0.1 - - [21/Apr/2025 10:32:25] "GET /get_results HTTP/1.1" 200 -
2025-04-21 10:32:26,335 - INFO - 127.0.0.1 - - [21/Apr/2025 10:32:26] "GET /get_results HTTP/1.1" 200 -
2025-04-21 10:32:26,774 - INFO - 127.0.0.1 - - [21/Apr/2025 10:32:26] "GET /get_results HTTP/1.1" 200 -
2025-04-21 10:32:27,338 - INFO - 127.0.0.1 - - [21/Apr/2025 10:32:27] "GET /get_results HTTP/1.1" 200 -
2025-04-21 10:32:27,785 - INFO - 127.0.0.1 - - [21/Apr/2025 10:32:27] "GET /get_results HTTP/1.1" 200 -
2025-04-21 10:32:28,084 - INFO - 127.0.0.1 - - [21/Apr/2025 10:32:28] "GET /start HTTP/1.1" 200 -
2025-04-21 10:32:28,347 - INFO - 127.0.0.1 - - [21/Apr/2025 10:32:28] "GET /get_results HTTP/1.1" 200 -
2025-04-21 10:32:28,727 - INFO - 127.0.0.1 - - [21/Apr/2025 10:32:28] "GET /start HTTP/1.1" 200 -
2025-04-21 10:32:28,772 - INFO - 127.0.0.1 - - [21/Apr/2025 10:32:28] "GET /get_results HTTP/1.1" 200 -
2025-04-21 10:32:29,108 - INFO - 127.0.0.1 - - [21/Apr/2025 10:32:29] "GET /get_results HTTP/1.1" 200 -
2025-04-21 10:32:29,348 - INFO - 127.0.0.1 - - [21/Apr/2025 10:32:29] "GET /get_results HTTP/1.1" 200 -
2025-04-21 10:32:29,744 - INFO - 127.0.0.1 - - [21/Apr/2025 10:32:29] "GET /get_results HTTP/1.1" 200 -
2025-04-21 10:32:29,776 - INFO - 127.0.0.1 - - [21/Apr/2025 10:32:29] "GET /get_results HTTP/1.1" 200 -
2025-04-21 10:32:30,096 - INFO - 127.0.0.1 - - [21/Apr/2025 10:32:30] "GET /get_results HTTP/1.1" 200 -
2025-04-21 10:32:30,333 - INFO - 127.0.0.1 - - [21/Apr/2025 10:32:30] "GET /get_results HTTP/1.1" 200 -
2025-04-21 10:32:30,743 - INFO - 127.0.0.1 - - [21/Apr/2025 10:32:30] "GET /get_results HTTP/1.1" 200 -
2025-04-21 10:32:30,782 - INFO - 127.0.0.1 - - [21/Apr/2025 10:32:30] "GET /get_results HTTP/1.1" 200 -
2025-04-21 10:32:31,094 - INFO - 127.0.0.1 - - [21/Apr/2025 10:32:31] "GET /get_results HTTP/1.1" 200 -
2025-04-21 10:32:31,341 - INFO - 127.0.0.1 - - [21/Apr/2025 10:32:31] "GET /get_results HTTP/1.1" 200 -
2025-04-21 10:32:31,737 - INFO - 127.0.0.1 - - [21/Apr/2025 10:32:31] "GET /get_results HTTP/1.1" 200 -
2025-04-21 10:32:31,773 - INFO - 127.0.0.1 - - [21/Apr/2025 10:32:31] "GET /get_results HTTP/1.1" 200 -
2025-04-21 10:32:32,108 - INFO - 127.0.0.1 - - [21/Apr/2025 10:32:32] "GET /get_results HTTP/1.1" 200 -
2025-04-21 10:32:32,333 - INFO - 127.0.0.1 - - [21/Apr/2025 10:32:32] "GET /get_results HTTP/1.1" 200 -
2025-04-21 10:32:32,742 - INFO - 127.0.0.1 - - [21/Apr/2025 10:32:32] "GET /get_results HTTP/1.1" 200 -
2025-04-21 10:32:32,775 - INFO - 127.0.0.1 - - [21/Apr/2025 10:32:32] "GET /get_results HTTP/1.1" 200 -
2025-04-21 10:32:33,092 - INFO - 127.0.0.1 - - [21/Apr/2025 10:32:33] "GET /get_results HTTP/1.1" 200 -
2025-04-21 10:32:33,335 - INFO - 127.0.0.1 - - [21/Apr/2025 10:32:33] "GET /get_results HTTP/1.1" 200 -
2025-04-21 10:32:33,736 - INFO - 127.0.0.1 - - [21/Apr/2025 10:32:33] "GET /get_results HTTP/1.1" 200 -
2025-04-21 10:32:33,773 - INFO - 127.0.0.1 - - [21/Apr/2025 10:32:33] "GET /get_results HTTP/1.1" 200 -
2025-04-21 10:32:34,094 - INFO - 127.0.0.1 - - [21/Apr/2025 10:32:34] "GET /get_results HTTP/1.1" 200 -
2025-04-21 10:32:34,336 - INFO - 127.0.0.1 - - [21/Apr/2025 10:32:34] "GET /get_results HTTP/1.1" 200 -
2025-04-21 10:32:34,749 - INFO - 127.0.0.1 - - [21/Apr/2025 10:32:34] "GET /get_results HTTP/1.1" 200 -
2025-04-21 10:32:34,781 - INFO - 127.0.0.1 - - [21/Apr/2025 10:32:34] "GET /get_results HTTP/1.1" 200 -
2025-04-21 10:32:35,100 - INFO - 127.0.0.1 - - [21/Apr/2025 10:32:35] "GET /get_results HTTP/1.1" 200 -
2025-04-21 10:32:35,347 - INFO - 127.0.0.1 - - [21/Apr/2025 10:32:35] "GET /get_results HTTP/1.1" 200 -
2025-04-21 10:32:35,747 - INFO - 127.0.0.1 - - [21/Apr/2025 10:32:35] "GET /get_results HTTP/1.1" 200 -
2025-04-21 10:32:35,778 - INFO - 127.0.0.1 - - [21/Apr/2025 10:32:35] "GET /get_results HTTP/1.1" 200 -
2025-04-21 10:32:36,100 - INFO - 127.0.0.1 - - [21/Apr/2025 10:32:36] "GET /get_results HTTP/1.1" 200 -
2025-04-21 10:32:36,341 - INFO - 127.0.0.1 - - [21/Apr/2025 10:32:36] "GET /get_results HTTP/1.1" 200 -
2025-04-21 10:32:37,299 - INFO - 127.0.0.1 - - [21/Apr/2025 10:32:37] "GET /get_results HTTP/1.1" 200 -
2025-04-21 10:32:37,303 - INFO - 127.0.0.1 - - [21/Apr/2025 10:32:37] "GET /get_results HTTP/1.1" 200 -
2025-04-21 10:32:37,306 - INFO - 127.0.0.1 - - [21/Apr/2025 10:32:37] "GET /get_results HTTP/1.1" 200 -
2025-04-21 10:32:38,304 - INFO - 127.0.0.1 - - [21/Apr/2025 10:32:38] "GET /get_results HTTP/1.1" 200 -
2025-04-21 10:32:38,310 - INFO - 127.0.0.1 - - [21/Apr/2025 10:32:38] "GET /get_results HTTP/1.1" 200 -
2025-04-21 10:32:38,315 - INFO - 127.0.0.1 - - [21/Apr/2025 10:32:38] "GET /get_results HTTP/1.1" 200 -
2025-04-21 10:32:38,323 - INFO - 127.0.0.1 - - [21/Apr/2025 10:32:38] "GET /get_results HTTP/1.1" 200 -
2025-04-21 10:32:39,309 - INFO - 127.0.0.1 - - [21/Apr/2025 10:32:39] "GET /get_results HTTP/1.1" 200 -
2025-04-21 10:32:39,314 - INFO - 127.0.0.1 - - [21/Apr/2025 10:32:39] "GET /get_results HTTP/1.1" 200 -
2025-04-21 10:32:39,321 - INFO - 127.0.0.1 - - [21/Apr/2025 10:32:39] "GET /get_results HTTP/1.1" 200 -
2025-04-21 10:32:40,306 - INFO - 127.0.0.1 - - [21/Apr/2025 10:32:40] "GET /get_results HTTP/1.1" 200 -
2025-04-21 10:32:40,313 - INFO - 127.0.0.1 - - [21/Apr/2025 10:32:40] "GET /get_results HTTP/1.1" 200 -
2025-04-21 10:32:40,320 - INFO - 127.0.0.1 - - [21/Apr/2025 10:32:40] "GET /get_results HTTP/1.1" 200 -
2025-04-21 10:32:40,325 - INFO - 127.0.0.1 - - [21/Apr/2025 10:32:40] "GET /get_results HTTP/1.1" 200 -
2025-04-21 10:32:41,309 - INFO - 127.0.0.1 - - [21/Apr/2025 10:32:41] "GET /get_results HTTP/1.1" 200 -
2025-04-21 10:32:41,315 - INFO - 127.0.0.1 - - [21/Apr/2025 10:32:41] "GET /get_results HTTP/1.1" 200 -
2025-04-21 10:32:41,321 - INFO - 127.0.0.1 - - [21/Apr/2025 10:32:41] "GET /get_results HTTP/1.1" 200 -
2025-04-21 10:32:42,302 - INFO - 127.0.0.1 - - [21/Apr/2025 10:32:42] "GET /get_results HTTP/1.1" 200 -
2025-04-21 10:32:42,306 - INFO - 127.0.0.1 - - [21/Apr/2025 10:32:42] "GET /get_results HTTP/1.1" 200 -
2025-04-21 10:32:42,309 - INFO - 127.0.0.1 - - [21/Apr/2025 10:32:42] "GET /get_results HTTP/1.1" 200 -
2025-04-21 10:32:42,312 - INFO - 127.0.0.1 - - [21/Apr/2025 10:32:42] "GET /get_results HTTP/1.1" 200 -
2025-04-21 10:32:43,305 - INFO - 127.0.0.1 - - [21/Apr/2025 10:32:43] "GET /get_results HTTP/1.1" 200 -
2025-04-21 10:32:43,309 - INFO - 127.0.0.1 - - [21/Apr/2025 10:32:43] "GET /get_results HTTP/1.1" 200 -
2025-04-21 10:32:43,313 - INFO - 127.0.0.1 - - [21/Apr/2025 10:32:43] "GET /get_results HTTP/1.1" 200 -
2025-04-21 10:32:44,305 - INFO - 127.0.0.1 - - [21/Apr/2025 10:32:44] "GET /get_results HTTP/1.1" 200 -
2025-04-21 10:32:44,309 - INFO - 127.0.0.1 - - [21/Apr/2025 10:32:44] "GET /get_results HTTP/1.1" 200 -
2025-04-21 10:32:44,312 - INFO - 127.0.0.1 - - [21/Apr/2025 10:32:44] "GET /get_results HTTP/1.1" 200 -
2025-04-21 10:32:44,316 - INFO - 127.0.0.1 - - [21/Apr/2025 10:32:44] "GET /get_results HTTP/1.1" 200 -
2025-04-21 10:32:45,306 - INFO - 127.0.0.1 - - [21/Apr/2025 10:32:45] "GET /get_results HTTP/1.1" 200 -
2025-04-21 10:32:45,311 - INFO - 127.0.0.1 - - [21/Apr/2025 10:32:45] "GET /get_results HTTP/1.1" 200 -
2025-04-21 10:32:45,315 - INFO - 127.0.0.1 - - [21/Apr/2025 10:32:45] "GET /get_results HTTP/1.1" 200 -
2025-04-21 10:32:46,303 - INFO - 127.0.0.1 - - [21/Apr/2025 10:32:46] "GET /get_results HTTP/1.1" 200 -
2025-04-21 10:32:46,307 - INFO - 127.0.0.1 - - [21/Apr/2025 10:32:46] "GET /get_results HTTP/1.1" 200 -
2025-04-21 10:32:46,310 - INFO - 127.0.0.1 - - [21/Apr/2025 10:32:46] "GET /get_results HTTP/1.1" 200 -
2025-04-21 10:32:46,313 - INFO - 127.0.0.1 - - [21/Apr/2025 10:32:46] "GET /get_results HTTP/1.1" 200 -
2025-04-21 10:32:47,305 - INFO - 127.0.0.1 - - [21/Apr/2025 10:32:47] "GET /get_results HTTP/1.1" 200 -
2025-04-21 10:32:47,309 - INFO - 127.0.0.1 - - [21/Apr/2025 10:32:47] "GET /get_results HTTP/1.1" 200 -
2025-04-21 10:32:47,313 - INFO - 127.0.0.1 - - [21/Apr/2025 10:32:47] "GET /get_results HTTP/1.1" 200 -
2025-04-21 10:32:48,305 - INFO - 127.0.0.1 - - [21/Apr/2025 10:32:48] "GET /get_results HTTP/1.1" 200 -
2025-04-21 10:32:48,310 - INFO - 127.0.0.1 - - [21/Apr/2025 10:32:48] "GET /get_results HTTP/1.1" 200 -
2025-04-21 10:32:48,315 - INFO - 127.0.0.1 - - [21/Apr/2025 10:32:48] "GET /get_results HTTP/1.1" 200 -
2025-04-21 10:32:48,318 - INFO - 127.0.0.1 - - [21/Apr/2025 10:32:48] "GET /get_results HTTP/1.1" 200 -
2025-04-21 10:32:49,303 - INFO - 127.0.0.1 - - [21/Apr/2025 10:32:49] "GET /get_results HTTP/1.1" 200 -
2025-04-21 10:32:49,306 - INFO - 127.0.0.1 - - [21/Apr/2025 10:32:49] "GET /get_results HTTP/1.1" 200 -
2025-04-21 10:32:49,309 - INFO - 127.0.0.1 - - [21/Apr/2025 10:32:49] "GET /get_results HTTP/1.1" 200 -
2025-04-21 10:32:50,304 - INFO - 127.0.0.1 - - [21/Apr/2025 10:32:50] "GET /get_results HTTP/1.1" 200 -
2025-04-21 10:32:50,309 - INFO - 127.0.0.1 - - [21/Apr/2025 10:32:50] "GET /get_results HTTP/1.1" 200 -
2025-04-21 10:32:50,314 - INFO - 127.0.0.1 - - [21/Apr/2025 10:32:50] "GET /get_results HTTP/1.1" 200 -
2025-04-21 10:32:50,319 - INFO - 127.0.0.1 - - [21/Apr/2025 10:32:50] "GET /get_results HTTP/1.1" 200 -
2025-04-21 10:32:51,303 - INFO - 127.0.0.1 - - [21/Apr/2025 10:32:51] "GET /get_results HTTP/1.1" 200 -
2025-04-21 10:32:51,309 - INFO - 127.0.0.1 - - [21/Apr/2025 10:32:51] "GET /get_results HTTP/1.1" 200 -
2025-04-21 10:32:51,315 - INFO - 127.0.0.1 - - [21/Apr/2025 10:32:51] "GET /get_results HTTP/1.1" 200 -
2025-04-21 10:32:52,301 - INFO - 127.0.0.1 - - [21/Apr/2025 10:32:52] "GET /get_results HTTP/1.1" 200 -
2025-04-21 10:32:52,305 - INFO - 127.0.0.1 - - [21/Apr/2025 10:32:52] "GET /get_results HTTP/1.1" 200 -
2025-04-21 10:32:52,308 - INFO - 127.0.0.1 - - [21/Apr/2025 10:32:52] "GET /get_results HTTP/1.1" 200 -
2025-04-21 10:32:52,311 - INFO - 127.0.0.1 - - [21/Apr/2025 10:32:52] "GET /get_results HTTP/1.1" 200 -
2025-04-21 10:32:53,302 - INFO - 127.0.0.1 - - [21/Apr/2025 10:32:53] "GET /get_results HTTP/1.1" 200 -
2025-04-21 10:32:53,307 - INFO - 127.0.0.1 - - [21/Apr/2025 10:32:53] "GET /get_results HTTP/1.1" 200 -
2025-04-21 10:32:53,311 - INFO - 127.0.0.1 - - [21/Apr/2025 10:32:53] "GET /get_results HTTP/1.1" 200 -
2025-04-21 10:32:54,303 - INFO - 127.0.0.1 - - [21/Apr/2025 10:32:54] "GET /get_results HTTP/1.1" 200 -
2025-04-21 10:32:54,307 - INFO - 127.0.0.1 - - [21/Apr/2025 10:32:54] "GET /get_results HTTP/1.1" 200 -
2025-04-21 10:32:54,311 - INFO - 127.0.0.1 - - [21/Apr/2025 10:32:54] "GET /get_results HTTP/1.1" 200 -
2025-04-21 10:32:54,314 - INFO - 127.0.0.1 - - [21/Apr/2025 10:32:54] "GET /get_results HTTP/1.1" 200 -
2025-04-21 10:32:55,301 - INFO - 127.0.0.1 - - [21/Apr/2025 10:32:55] "GET /get_results HTTP/1.1" 200 -
2025-04-21 10:32:55,304 - INFO - 127.0.0.1 - - [21/Apr/2025 10:32:55] "GET /get_results HTTP/1.1" 200 -
2025-04-21 10:32:55,307 - INFO - 127.0.0.1 - - [21/Apr/2025 10:32:55] "GET /get_results HTTP/1.1" 200 -
2025-04-21 10:32:56,304 - INFO - 127.0.0.1 - - [21/Apr/2025 10:32:56] "GET /get_results HTTP/1.1" 200 -
2025-04-21 10:32:56,309 - INFO - 127.0.0.1 - - [21/Apr/2025 10:32:56] "GET /get_results HTTP/1.1" 200 -
2025-04-21 10:32:56,314 - INFO - 127.0.0.1 - - [21/Apr/2025 10:32:56] "GET /get_results HTTP/1.1" 200 -
2025-04-21 10:32:56,318 - INFO - 127.0.0.1 - - [21/Apr/2025 10:32:56] "GET /get_results HTTP/1.1" 200 -
2025-04-21 10:32:57,301 - INFO - 127.0.0.1 - - [21/Apr/2025 10:32:57] "GET /get_results HTTP/1.1" 200 -
2025-04-21 10:32:57,307 - INFO - 127.0.0.1 - - [21/Apr/2025 10:32:57] "GET /get_results HTTP/1.1" 200 -
2025-04-21 10:32:57,311 - INFO - 127.0.0.1 - - [21/Apr/2025 10:32:57] "GET /get_results HTTP/1.1" 200 -
2025-04-21 10:32:58,302 - INFO - 127.0.0.1 - - [21/Apr/2025 10:32:58] "GET /get_results HTTP/1.1" 200 -
2025-04-21 10:32:58,305 - INFO - 127.0.0.1 - - [21/Apr/2025 10:32:58] "GET /get_results HTTP/1.1" 200 -
2025-04-21 10:32:58,308 - INFO - 127.0.0.1 - - [21/Apr/2025 10:32:58] "GET /get_results HTTP/1.1" 200 -
2025-04-21 10:32:58,311 - INFO - 127.0.0.1 - - [21/Apr/2025 10:32:58] "GET /get_results HTTP/1.1" 200 -
2025-04-21 10:32:59,300 - INFO - 127.0.0.1 - - [21/Apr/2025 10:32:59] "GET /get_results HTTP/1.1" 200 -
2025-04-21 10:32:59,304 - INFO - 127.0.0.1 - - [21/Apr/2025 10:32:59] "GET /get_results HTTP/1.1" 200 -
2025-04-21 10:32:59,308 - INFO - 127.0.0.1 - - [21/Apr/2025 10:32:59] "GET /get_results HTTP/1.1" 200 -
2025-04-21 10:33:00,301 - INFO - 127.0.0.1 - - [21/Apr/2025 10:33:00] "GET /get_results HTTP/1.1" 200 -
2025-04-21 10:33:00,303 - INFO - 127.0.0.1 - - [21/Apr/2025 10:33:00] "GET /get_results HTTP/1.1" 200 -
2025-04-21 10:33:00,306 - INFO - 127.0.0.1 - - [21/Apr/2025 10:33:00] "GET /get_results HTTP/1.1" 200 -
2025-04-21 10:33:00,309 - INFO - 127.0.0.1 - - [21/Apr/2025 10:33:00] "GET /get_results HTTP/1.1" 200 -
2025-04-21 10:33:01,301 - INFO - 127.0.0.1 - - [21/Apr/2025 10:33:01] "GET /get_results HTTP/1.1" 200 -
2025-04-21 10:33:01,305 - INFO - 127.0.0.1 - - [21/Apr/2025 10:33:01] "GET /get_results HTTP/1.1" 200 -
2025-04-21 10:33:01,308 - INFO - 127.0.0.1 - - [21/Apr/2025 10:33:01] "GET /get_results HTTP/1.1" 200 -
2025-04-21 10:33:02,301 - INFO - 127.0.0.1 - - [21/Apr/2025 10:33:02] "GET /get_results HTTP/1.1" 200 -
2025-04-21 10:33:02,305 - INFO - 127.0.0.1 - - [21/Apr/2025 10:33:02] "GET /get_results HTTP/1.1" 200 -
2025-04-21 10:33:02,308 - INFO - 127.0.0.1 - - [21/Apr/2025 10:33:02] "GET /get_results HTTP/1.1" 200 -
2025-04-21 10:33:02,312 - INFO - 127.0.0.1 - - [21/Apr/2025 10:33:02] "GET /get_results HTTP/1.1" 200 -
2025-04-21 10:33:03,303 - INFO - 127.0.0.1 - - [21/Apr/2025 10:33:03] "GET /get_results HTTP/1.1" 200 -
2025-04-21 10:33:03,307 - INFO - 127.0.0.1 - - [21/Apr/2025 10:33:03] "GET /get_results HTTP/1.1" 200 -
2025-04-21 10:33:03,311 - INFO - 127.0.0.1 - - [21/Apr/2025 10:33:03] "GET /get_results HTTP/1.1" 200 -
2025-04-21 10:33:04,300 - INFO - 127.0.0.1 - - [21/Apr/2025 10:33:04] "GET /get_results HTTP/1.1" 200 -
2025-04-21 10:33:04,303 - INFO - 127.0.0.1 - - [21/Apr/2025 10:33:04] "GET /get_results HTTP/1.1" 200 -
2025-04-21 10:33:04,306 - INFO - 127.0.0.1 - - [21/Apr/2025 10:33:04] "GET /get_results HTTP/1.1" 200 -
2025-04-21 10:33:04,308 - INFO - 127.0.0.1 - - [21/Apr/2025 10:33:04] "GET /get_results HTTP/1.1" 200 -
2025-04-21 10:33:05,304 - INFO - 127.0.0.1 - - [21/Apr/2025 10:33:05] "GET /get_results HTTP/1.1" 200 -
2025-04-21 10:33:05,307 - INFO - 127.0.0.1 - - [21/Apr/2025 10:33:05] "GET /get_results HTTP/1.1" 200 -
2025-04-21 10:33:05,310 - INFO - 127.0.0.1 - - [21/Apr/2025 10:33:05] "GET /get_results HTTP/1.1" 200 -
2025-04-21 10:33:06,303 - INFO - 127.0.0.1 - - [21/Apr/2025 10:33:06] "GET /get_results HTTP/1.1" 200 -
2025-04-21 10:33:06,307 - INFO - 127.0.0.1 - - [21/Apr/2025 10:33:06] "GET /get_results HTTP/1.1" 200 -
2025-04-21 10:33:06,310 - INFO - 127.0.0.1 - - [21/Apr/2025 10:33:06] "GET /get_results HTTP/1.1" 200 -
2025-04-21 10:33:06,314 - INFO - 127.0.0.1 - - [21/Apr/2025 10:33:06] "GET /get_results HTTP/1.1" 200 -
2025-04-21 10:33:07,298 - INFO - 127.0.0.1 - - [21/Apr/2025 10:33:07] "GET /get_results HTTP/1.1" 200 -
2025-04-21 10:33:07,301 - INFO - 127.0.0.1 - - [21/Apr/2025 10:33:07] "GET /get_results HTTP/1.1" 200 -
2025-04-21 10:33:07,303 - INFO - 127.0.0.1 - - [21/Apr/2025 10:33:07] "GET /get_results HTTP/1.1" 200 -
2025-04-21 10:33:08,299 - INFO - 127.0.0.1 - - [21/Apr/2025 10:33:08] "GET /get_results HTTP/1.1" 200 -
2025-04-21 10:33:08,303 - INFO - 127.0.0.1 - - [21/Apr/2025 10:33:08] "GET /get_results HTTP/1.1" 200 -
2025-04-21 10:33:08,307 - INFO - 127.0.0.1 - - [21/Apr/2025 10:33:08] "GET /get_results HTTP/1.1" 200 -
2025-04-21 10:33:08,311 - INFO - 127.0.0.1 - - [21/Apr/2025 10:33:08] "GET /get_results HTTP/1.1" 200 -
2025-04-21 10:33:09,299 - INFO - 127.0.0.1 - - [21/Apr/2025 10:33:09] "GET /get_results HTTP/1.1" 200 -
2025-04-21 10:33:09,303 - INFO - 127.0.0.1 - - [21/Apr/2025 10:33:09] "GET /get_results HTTP/1.1" 200 -
2025-04-21 10:33:09,306 - INFO - 127.0.0.1 - - [21/Apr/2025 10:33:09] "GET /get_results HTTP/1.1" 200 -
2025-04-21 10:33:10,298 - INFO - 127.0.0.1 - - [21/Apr/2025 10:33:10] "GET /get_results HTTP/1.1" 200 -
2025-04-21 10:33:10,302 - INFO - 127.0.0.1 - - [21/Apr/2025 10:33:10] "GET /get_results HTTP/1.1" 200 -
2025-04-21 10:33:10,305 - INFO - 127.0.0.1 - - [21/Apr/2025 10:33:10] "GET /get_results HTTP/1.1" 200 -
2025-04-21 10:33:10,308 - INFO - 127.0.0.1 - - [21/Apr/2025 10:33:10] "GET /get_results HTTP/1.1" 200 -
2025-04-21 10:33:11,306 - INFO - 127.0.0.1 - - [21/Apr/2025 10:33:11] "GET /get_results HTTP/1.1" 200 -
2025-04-21 10:33:11,311 - INFO - 127.0.0.1 - - [21/Apr/2025 10:33:11] "GET /get_results HTTP/1.1" 200 -
2025-04-21 10:33:11,314 - INFO - 127.0.0.1 - - [21/Apr/2025 10:33:11] "GET /get_results HTTP/1.1" 200 -
2025-04-21 10:33:12,303 - INFO - 127.0.0.1 - - [21/Apr/2025 10:33:12] "GET /get_results HTTP/1.1" 200 -
2025-04-21 10:33:12,306 - INFO - 127.0.0.1 - - [21/Apr/2025 10:33:12] "GET /get_results HTTP/1.1" 200 -
2025-04-21 10:33:12,310 - INFO - 127.0.0.1 - - [21/Apr/2025 10:33:12] "GET /get_results HTTP/1.1" 200 -
2025-04-21 10:33:12,313 - INFO - 127.0.0.1 - - [21/Apr/2025 10:33:12] "GET /get_results HTTP/1.1" 200 -
2025-04-21 10:33:13,299 - INFO - 127.0.0.1 - - [21/Apr/2025 10:33:13] "GET /get_results HTTP/1.1" 200 -
2025-04-21 10:33:13,303 - INFO - 127.0.0.1 - - [21/Apr/2025 10:33:13] "GET /get_results HTTP/1.1" 200 -
2025-04-21 10:33:13,306 - INFO - 127.0.0.1 - - [21/Apr/2025 10:33:13] "GET /get_results HTTP/1.1" 200 -
2025-04-21 10:33:14,305 - INFO - 127.0.0.1 - - [21/Apr/2025 10:33:14] "GET /get_results HTTP/1.1" 200 -
2025-04-21 10:33:14,309 - INFO - 127.0.0.1 - - [21/Apr/2025 10:33:14] "GET /get_results HTTP/1.1" 200 -
2025-04-21 10:33:14,313 - INFO - 127.0.0.1 - - [21/Apr/2025 10:33:14] "GET /get_results HTTP/1.1" 200 -
2025-04-21 10:33:14,317 - INFO - 127.0.0.1 - - [21/Apr/2025 10:33:14] "GET /get_results HTTP/1.1" 200 -
2025-04-21 10:33:15,304 - INFO - 127.0.0.1 - - [21/Apr/2025 10:33:15] "GET /get_results HTTP/1.1" 200 -
2025-04-21 10:33:15,308 - INFO - 127.0.0.1 - - [21/Apr/2025 10:33:15] "GET /get_results HTTP/1.1" 200 -
2025-04-21 10:33:15,313 - INFO - 127.0.0.1 - - [21/Apr/2025 10:33:15] "GET /get_results HTTP/1.1" 200 -
2025-04-21 10:33:16,299 - INFO - 127.0.0.1 - - [21/Apr/2025 10:33:16] "GET /get_results HTTP/1.1" 200 -
2025-04-21 10:33:16,303 - INFO - 127.0.0.1 - - [21/Apr/2025 10:33:16] "GET /get_results HTTP/1.1" 200 -
2025-04-21 10:33:16,307 - INFO - 127.0.0.1 - - [21/Apr/2025 10:33:16] "GET /get_results HTTP/1.1" 200 -
2025-04-21 10:33:16,311 - INFO - 127.0.0.1 - - [21/Apr/2025 10:33:16] "GET /get_results HTTP/1.1" 200 -
2025-04-21 10:33:17,301 - INFO - 127.0.0.1 - - [21/Apr/2025 10:33:17] "GET /get_results HTTP/1.1" 200 -
2025-04-21 10:33:17,305 - INFO - 127.0.0.1 - - [21/Apr/2025 10:33:17] "GET /get_results HTTP/1.1" 200 -
2025-04-21 10:33:17,309 - INFO - 127.0.0.1 - - [21/Apr/2025 10:33:17] "GET /get_results HTTP/1.1" 200 -
2025-04-21 10:33:18,298 - INFO - 127.0.0.1 - - [21/Apr/2025 10:33:18] "GET /get_results HTTP/1.1" 200 -
2025-04-21 10:33:18,302 - INFO - 127.0.0.1 - - [21/Apr/2025 10:33:18] "GET /get_results HTTP/1.1" 200 -
2025-04-21 10:33:18,305 - INFO - 127.0.0.1 - - [21/Apr/2025 10:33:18] "GET /get_results HTTP/1.1" 200 -
2025-04-21 10:33:18,308 - INFO - 127.0.0.1 - - [21/Apr/2025 10:33:18] "GET /get_results HTTP/1.1" 200 -
2025-04-21 10:33:19,300 - INFO - 127.0.0.1 - - [21/Apr/2025 10:33:19] "GET /get_results HTTP/1.1" 200 -
2025-04-21 10:33:19,304 - INFO - 127.0.0.1 - - [21/Apr/2025 10:33:19] "GET /get_results HTTP/1.1" 200 -
2025-04-21 10:33:19,308 - INFO - 127.0.0.1 - - [21/Apr/2025 10:33:19] "GET /get_results HTTP/1.1" 200 -
2025-04-21 10:33:20,303 - INFO - 127.0.0.1 - - [21/Apr/2025 10:33:20] "GET /get_results HTTP/1.1" 200 -
2025-04-21 10:33:20,307 - INFO - 127.0.0.1 - - [21/Apr/2025 10:33:20] "GET /get_results HTTP/1.1" 200 -
2025-04-21 10:33:20,312 - INFO - 127.0.0.1 - - [21/Apr/2025 10:33:20] "GET /get_results HTTP/1.1" 200 -
2025-04-21 10:33:20,316 - INFO - 127.0.0.1 - - [21/Apr/2025 10:33:20] "GET /get_results HTTP/1.1" 200 -
2025-04-21 10:33:21,299 - INFO - 127.0.0.1 - - [21/Apr/2025 10:33:21] "GET /get_results HTTP/1.1" 200 -
2025-04-21 10:33:21,302 - INFO - 127.0.0.1 - - [21/Apr/2025 10:33:21] "GET /get_results HTTP/1.1" 200 -
2025-04-21 10:33:21,307 - INFO - 127.0.0.1 - - [21/Apr/2025 10:33:21] "GET /get_results HTTP/1.1" 200 -
2025-04-21 10:33:22,298 - INFO - 127.0.0.1 - - [21/Apr/2025 10:33:22] "GET /get_results HTTP/1.1" 200 -
2025-04-21 10:33:22,302 - INFO - 127.0.0.1 - - [21/Apr/2025 10:33:22] "GET /get_results HTTP/1.1" 200 -
2025-04-21 10:33:22,305 - INFO - 127.0.0.1 - - [21/Apr/2025 10:33:22] "GET /get_results HTTP/1.1" 200 -
2025-04-21 10:33:22,308 - INFO - 127.0.0.1 - - [21/Apr/2025 10:33:22] "GET /get_results HTTP/1.1" 200 -
2025-04-21 10:33:23,301 - INFO - 127.0.0.1 - - [21/Apr/2025 10:33:23] "GET /get_results HTTP/1.1" 200 -
2025-04-21 10:33:23,306 - INFO - 127.0.0.1 - - [21/Apr/2025 10:33:23] "GET /get_results HTTP/1.1" 200 -
2025-04-21 10:33:23,310 - INFO - 127.0.0.1 - - [21/Apr/2025 10:33:23] "GET /get_results HTTP/1.1" 200 -
2025-04-21 10:33:24,299 - INFO - 127.0.0.1 - - [21/Apr/2025 10:33:24] "GET /get_results HTTP/1.1" 200 -
2025-04-21 10:33:24,302 - INFO - 127.0.0.1 - - [21/Apr/2025 10:33:24] "GET /get_results HTTP/1.1" 200 -
2025-04-21 10:33:24,306 - INFO - 127.0.0.1 - - [21/Apr/2025 10:33:24] "GET /get_results HTTP/1.1" 200 -
2025-04-21 10:33:24,309 - INFO - 127.0.0.1 - - [21/Apr/2025 10:33:24] "GET /get_results HTTP/1.1" 200 -
2025-04-21 10:33:25,299 - INFO - 127.0.0.1 - - [21/Apr/2025 10:33:25] "GET /get_results HTTP/1.1" 200 -
2025-04-21 10:33:25,304 - INFO - 127.0.0.1 - - [21/Apr/2025 10:33:25] "GET /get_results HTTP/1.1" 200 -
2025-04-21 10:33:25,308 - INFO - 127.0.0.1 - - [21/Apr/2025 10:33:25] "GET /get_results HTTP/1.1" 200 -
2025-04-21 10:33:26,300 - INFO - 127.0.0.1 - - [21/Apr/2025 10:33:26] "GET /get_results HTTP/1.1" 200 -
2025-04-21 10:33:26,304 - INFO - 127.0.0.1 - - [21/Apr/2025 10:33:26] "GET /get_results HTTP/1.1" 200 -
2025-04-21 10:33:26,307 - INFO - 127.0.0.1 - - [21/Apr/2025 10:33:26] "GET /get_results HTTP/1.1" 200 -
2025-04-21 10:33:26,310 - INFO - 127.0.0.1 - - [21/Apr/2025 10:33:26] "GET /get_results HTTP/1.1" 200 -
2025-04-21 10:33:27,301 - INFO - 127.0.0.1 - - [21/Apr/2025 10:33:27] "GET /get_results HTTP/1.1" 200 -
2025-04-21 10:33:27,304 - INFO - 127.0.0.1 - - [21/Apr/2025 10:33:27] "GET /get_results HTTP/1.1" 200 -
2025-04-21 10:33:27,308 - INFO - 127.0.0.1 - - [21/Apr/2025 10:33:27] "GET /get_results HTTP/1.1" 200 -
2025-04-21 10:33:28,298 - INFO - 127.0.0.1 - - [21/Apr/2025 10:33:28] "GET /get_results HTTP/1.1" 200 -
2025-04-21 10:33:28,301 - INFO - 127.0.0.1 - - [21/Apr/2025 10:33:28] "GET /get_results HTTP/1.1" 200 -
2025-04-21 10:33:28,304 - INFO - 127.0.0.1 - - [21/Apr/2025 10:33:28] "GET /get_results HTTP/1.1" 200 -
2025-04-21 10:33:28,307 - INFO - 127.0.0.1 - - [21/Apr/2025 10:33:28] "GET /get_results HTTP/1.1" 200 -
2025-04-21 10:33:29,298 - INFO - 127.0.0.1 - - [21/Apr/2025 10:33:29] "GET /get_results HTTP/1.1" 200 -
2025-04-21 10:33:29,301 - INFO - 127.0.0.1 - - [21/Apr/2025 10:33:29] "GET /get_results HTTP/1.1" 200 -
2025-04-21 10:33:29,303 - INFO - 127.0.0.1 - - [21/Apr/2025 10:33:29] "GET /get_results HTTP/1.1" 200 -
2025-04-21 10:33:30,298 - INFO - 127.0.0.1 - - [21/Apr/2025 10:33:30] "GET /get_results HTTP/1.1" 200 -
2025-04-21 10:33:30,301 - INFO - 127.0.0.1 - - [21/Apr/2025 10:33:30] "GET /get_results HTTP/1.1" 200 -
2025-04-21 10:33:30,304 - INFO - 127.0.0.1 - - [21/Apr/2025 10:33:30] "GET /get_results HTTP/1.1" 200 -
2025-04-21 10:33:30,307 - INFO - 127.0.0.1 - - [21/Apr/2025 10:33:30] "GET /get_results HTTP/1.1" 200 -
2025-04-21 10:33:31,299 - INFO - 127.0.0.1 - - [21/Apr/2025 10:33:31] "GET /get_results HTTP/1.1" 200 -
2025-04-21 10:33:31,302 - INFO - 127.0.0.1 - - [21/Apr/2025 10:33:31] "GET /get_results HTTP/1.1" 200 -
2025-04-21 10:33:31,305 - INFO - 127.0.0.1 - - [21/Apr/2025 10:33:31] "GET /get_results HTTP/1.1" 200 -
2025-04-21 10:33:32,298 - INFO - 127.0.0.1 - - [21/Apr/2025 10:33:32] "GET /get_results HTTP/1.1" 200 -
2025-04-21 10:33:32,301 - INFO - 127.0.0.1 - - [21/Apr/2025 10:33:32] "GET /get_results HTTP/1.1" 200 -
2025-04-21 10:33:32,304 - INFO - 127.0.0.1 - - [21/Apr/2025 10:33:32] "GET /get_results HTTP/1.1" 200 -
2025-04-21 10:33:32,307 - INFO - 127.0.0.1 - - [21/Apr/2025 10:33:32] "GET /get_results HTTP/1.1" 200 -
2025-04-21 10:33:33,299 - INFO - 127.0.0.1 - - [21/Apr/2025 10:33:33] "GET /get_results HTTP/1.1" 200 -
2025-04-21 10:33:33,301 - INFO - 127.0.0.1 - - [21/Apr/2025 10:33:33] "GET /get_results HTTP/1.1" 200 -
2025-04-21 10:33:33,304 - INFO - 127.0.0.1 - - [21/Apr/2025 10:33:33] "GET /get_results HTTP/1.1" 200 -
2025-04-21 10:33:34,298 - INFO - 127.0.0.1 - - [21/Apr/2025 10:33:34] "GET /get_results HTTP/1.1" 200 -
2025-04-21 10:33:34,301 - INFO - 127.0.0.1 - - [21/Apr/2025 10:33:34] "GET /get_results HTTP/1.1" 200 -
2025-04-21 10:33:34,304 - INFO - 127.0.0.1 - - [21/Apr/2025 10:33:34] "GET /get_results HTTP/1.1" 200 -
2025-04-21 10:33:34,306 - INFO - 127.0.0.1 - - [21/Apr/2025 10:33:34] "GET /get_results HTTP/1.1" 200 -
2025-04-21 10:33:35,312 - INFO - 127.0.0.1 - - [21/Apr/2025 10:33:35] "GET /get_results HTTP/1.1" 200 -
2025-04-21 10:33:35,315 - INFO - 127.0.0.1 - - [21/Apr/2025 10:33:35] "GET /get_results HTTP/1.1" 200 -
2025-04-21 10:33:35,318 - INFO - 127.0.0.1 - - [21/Apr/2025 10:33:35] "GET /get_results HTTP/1.1" 200 -
2025-04-21 10:33:36,311 - INFO - 127.0.0.1 - - [21/Apr/2025 10:33:36] "GET /get_results HTTP/1.1" 200 -
2025-04-21 10:33:36,316 - INFO - 127.0.0.1 - - [21/Apr/2025 10:33:36] "GET /get_results HTTP/1.1" 200 -
2025-04-21 10:33:36,320 - INFO - 127.0.0.1 - - [21/Apr/2025 10:33:36] "GET /get_results HTTP/1.1" 200 -
2025-04-21 10:33:36,323 - INFO - 127.0.0.1 - - [21/Apr/2025 10:33:36] "GET /get_results HTTP/1.1" 200 -
2025-04-21 10:34:16,052 - INFO -  * Detected change in 'C:\\Users\\waskh\\OneDrive\\Desktop\\VehiclePrototype\\src\\app.py', reloading
2025-04-21 10:34:16,057 - INFO -  * Detected change in 'C:\\Users\\waskh\\OneDrive\\Desktop\\VehiclePrototype\\src\\app.py', reloading
2025-04-21 10:34:16,057 - INFO -  * Detected change in 'C:\\Users\\waskh\\OneDrive\\Desktop\\VehiclePrototype\\src\\app.py', reloading
2025-04-21 10:34:16,305 - INFO - 127.0.0.1 - - [21/Apr/2025 10:34:16] "GET /get_results HTTP/1.1" 200 -
2025-04-21 10:34:16,309 - INFO - 127.0.0.1 - - [21/Apr/2025 10:34:16] "GET /get_results HTTP/1.1" 200 -
2025-04-21 10:34:16,312 - INFO - 127.0.0.1 - - [21/Apr/2025 10:34:16] "GET /get_results HTTP/1.1" 200 -
2025-04-21 10:34:16,315 - INFO - 127.0.0.1 - - [21/Apr/2025 10:34:16] "GET /get_results HTTP/1.1" 200 -
2025-04-21 10:34:17,660 - INFO -  * Restarting with watchdog (windowsapi)
2025-04-21 10:34:39,620 - WARNING - Neither CUDA nor MPS are available - defaulting to CPU. Note: This module is much faster with a GPU.
2025-04-21 10:34:40,875 - INFO -  * Restarting with watchdog (windowsapi)
2025-04-21 10:34:44,410 - WARNING - Neither CUDA nor MPS are available - defaulting to CPU. Note: This module is much faster with a GPU.
2025-04-21 10:34:45,743 - WARNING -  * Debugger is active!
2025-04-21 10:34:45,745 - INFO -  * Debugger PIN: 954-123-181
2025-04-21 10:34:45,804 - INFO -  * Running on http://127.0.0.1:5000/ (Press CTRL+C to quit)
2025-04-21 10:35:16,301 - INFO - 127.0.0.1 - - [21/Apr/2025 10:35:16] "GET /get_results HTTP/1.1" 200 -
2025-04-21 10:35:16,304 - INFO - 127.0.0.1 - - [21/Apr/2025 10:35:16] "GET /get_results HTTP/1.1" 200 -
2025-04-21 10:35:16,306 - INFO - 127.0.0.1 - - [21/Apr/2025 10:35:16] "GET /get_results HTTP/1.1" 200 -
2025-04-21 10:35:16,308 - INFO - 127.0.0.1 - - [21/Apr/2025 10:35:16] "GET /get_results HTTP/1.1" 200 -
2025-04-21 10:35:43,548 - WARNING - Neither CUDA nor MPS are available - defaulting to CPU. Note: This module is much faster with a GPU.
2025-04-21 10:35:44,871 - INFO -  * Restarting with watchdog (windowsapi)
2025-04-21 10:35:48,601 - WARNING - Neither CUDA nor MPS are available - defaulting to CPU. Note: This module is much faster with a GPU.
2025-04-21 10:35:49,934 - WARNING -  * Debugger is active!
2025-04-21 10:35:49,935 - INFO -  * Debugger PIN: 954-123-181
2025-04-21 10:35:49,995 - INFO -  * Running on http://127.0.0.1:5000/ (Press CTRL+C to quit)
2025-04-21 10:36:15,430 - INFO - 127.0.0.1 - - [21/Apr/2025 10:36:15] "GET / HTTP/1.1" 200 -
2025-04-21 10:36:15,454 - INFO - 127.0.0.1 - - [21/Apr/2025 10:36:15] "GET /get_results HTTP/1.1" 200 -
2025-04-21 10:36:15,457 - INFO - 127.0.0.1 - - [21/Apr/2025 10:36:15] "GET /get_results HTTP/1.1" 200 -
2025-04-21 10:36:15,461 - INFO - 127.0.0.1 - - [21/Apr/2025 10:36:15] "GET /get_results HTTP/1.1" 200 -
2025-04-21 10:36:15,467 - INFO - 127.0.0.1 - - [21/Apr/2025 10:36:15] "GET /get_results HTTP/1.1" 200 -
2025-04-21 10:36:15,520 - INFO - 127.0.0.1 - - [21/Apr/2025 10:36:15] "GET /video_feed HTTP/1.1" 200 -
2025-04-21 10:36:15,736 - INFO - 127.0.0.1 - - [21/Apr/2025 10:36:15] "GET /get_results HTTP/1.1" 200 -
2025-04-21 10:36:15,774 - INFO - 127.0.0.1 - - [21/Apr/2025 10:36:15] "GET /get_results HTTP/1.1" 200 -
2025-04-21 10:36:16,104 - INFO - 127.0.0.1 - - [21/Apr/2025 10:36:16] "GET /get_results HTTP/1.1" 200 -
2025-04-21 10:36:16,340 - INFO - 127.0.0.1 - - [21/Apr/2025 10:36:16] "GET /get_results HTTP/1.1" 200 -
2025-04-21 10:36:16,739 - INFO - 127.0.0.1 - - [21/Apr/2025 10:36:16] "GET /get_results HTTP/1.1" 200 -
2025-04-21 10:36:16,775 - INFO - 127.0.0.1 - - [21/Apr/2025 10:36:16] "GET /get_results HTTP/1.1" 200 -
2025-04-21 10:36:17,306 - INFO - 127.0.0.1 - - [21/Apr/2025 10:36:17] "GET /get_results HTTP/1.1" 200 -
2025-04-21 10:36:18,300 - INFO - 127.0.0.1 - - [21/Apr/2025 10:36:18] "GET /get_results HTTP/1.1" 200 -
2025-04-21 10:36:18,303 - INFO - 127.0.0.1 - - [21/Apr/2025 10:36:18] "GET /get_results HTTP/1.1" 200 -
2025-04-21 10:36:18,305 - INFO - 127.0.0.1 - - [21/Apr/2025 10:36:18] "GET /get_results HTTP/1.1" 200 -
2025-04-21 10:36:18,307 - INFO - 127.0.0.1 - - [21/Apr/2025 10:36:18] "GET /get_results HTTP/1.1" 200 -
2025-04-21 10:36:19,305 - INFO - 127.0.0.1 - - [21/Apr/2025 10:36:19] "GET /get_results HTTP/1.1" 200 -
2025-04-21 10:36:19,308 - INFO - 127.0.0.1 - - [21/Apr/2025 10:36:19] "GET /get_results HTTP/1.1" 200 -
2025-04-21 10:36:19,311 - INFO - 127.0.0.1 - - [21/Apr/2025 10:36:19] "GET /get_results HTTP/1.1" 200 -
2025-04-21 10:36:20,304 - INFO - 127.0.0.1 - - [21/Apr/2025 10:36:20] "GET /get_results HTTP/1.1" 200 -
2025-04-21 10:36:20,307 - INFO - 127.0.0.1 - - [21/Apr/2025 10:36:20] "GET /get_results HTTP/1.1" 200 -
2025-04-21 10:36:20,310 - INFO - 127.0.0.1 - - [21/Apr/2025 10:36:20] "GET /get_results HTTP/1.1" 200 -
2025-04-21 10:36:20,313 - INFO - 127.0.0.1 - - [21/Apr/2025 10:36:20] "GET /get_results HTTP/1.1" 200 -
2025-04-21 10:36:20,921 - INFO - 127.0.0.1 - - [21/Apr/2025 10:36:20] "GET /start HTTP/1.1" 200 -
2025-04-21 10:36:21,307 - INFO - 127.0.0.1 - - [21/Apr/2025 10:36:21] "GET /get_results HTTP/1.1" 200 -
2025-04-21 10:36:21,312 - INFO - 127.0.0.1 - - [21/Apr/2025 10:36:21] "GET /get_results HTTP/1.1" 200 -
2025-04-21 10:36:21,318 - INFO - 127.0.0.1 - - [21/Apr/2025 10:36:21] "GET /get_results HTTP/1.1" 200 -
2025-04-21 10:36:21,953 - INFO - 127.0.0.1 - - [21/Apr/2025 10:36:21] "GET /get_results HTTP/1.1" 200 -
2025-04-21 10:36:22,303 - INFO - 127.0.0.1 - - [21/Apr/2025 10:36:22] "GET /get_results HTTP/1.1" 200 -
2025-04-21 10:36:22,308 - INFO - 127.0.0.1 - - [21/Apr/2025 10:36:22] "GET /get_results HTTP/1.1" 200 -
2025-04-21 10:36:22,313 - INFO - 127.0.0.1 - - [21/Apr/2025 10:36:22] "GET /get_results HTTP/1.1" 200 -
2025-04-21 10:36:22,317 - INFO - 127.0.0.1 - - [21/Apr/2025 10:36:22] "GET /get_results HTTP/1.1" 200 -
2025-04-21 10:36:22,951 - INFO - 127.0.0.1 - - [21/Apr/2025 10:36:22] "GET /get_results HTTP/1.1" 200 -
2025-04-21 10:36:23,309 - INFO - 127.0.0.1 - - [21/Apr/2025 10:36:23] "GET /get_results HTTP/1.1" 200 -
2025-04-21 10:36:23,313 - INFO - 127.0.0.1 - - [21/Apr/2025 10:36:23] "GET /get_results HTTP/1.1" 200 -
2025-04-21 10:36:23,316 - INFO - 127.0.0.1 - - [21/Apr/2025 10:36:23] "GET /get_results HTTP/1.1" 200 -
2025-04-21 10:36:23,536 - INFO - 127.0.0.1 - - [21/Apr/2025 10:36:23] "GET /start HTTP/1.1" 200 -
2025-04-21 10:36:23,953 - INFO - 127.0.0.1 - - [21/Apr/2025 10:36:23] "GET /get_results HTTP/1.1" 200 -
2025-04-21 10:36:24,312 - INFO - 127.0.0.1 - - [21/Apr/2025 10:36:24] "GET /get_results HTTP/1.1" 200 -
2025-04-21 10:36:24,321 - INFO - 127.0.0.1 - - [21/Apr/2025 10:36:24] "GET /get_results HTTP/1.1" 200 -
2025-04-21 10:36:24,327 - INFO - 127.0.0.1 - - [21/Apr/2025 10:36:24] "GET /get_results HTTP/1.1" 200 -
2025-04-21 10:36:24,330 - INFO - 127.0.0.1 - - [21/Apr/2025 10:36:24] "GET /get_results HTTP/1.1" 200 -
2025-04-21 10:36:24,549 - INFO - 127.0.0.1 - - [21/Apr/2025 10:36:24] "GET /get_results HTTP/1.1" 200 -
2025-04-21 10:36:24,937 - INFO - 127.0.0.1 - - [21/Apr/2025 10:36:24] "GET /get_results HTTP/1.1" 200 -
2025-04-21 10:36:25,306 - INFO - 127.0.0.1 - - [21/Apr/2025 10:36:25] "GET /get_results HTTP/1.1" 200 -
2025-04-21 10:36:25,310 - INFO - 127.0.0.1 - - [21/Apr/2025 10:36:25] "GET /get_results HTTP/1.1" 200 -
2025-04-21 10:36:25,315 - INFO - 127.0.0.1 - - [21/Apr/2025 10:36:25] "GET /get_results HTTP/1.1" 200 -
2025-04-21 10:36:25,549 - INFO - 127.0.0.1 - - [21/Apr/2025 10:36:25] "GET /get_results HTTP/1.1" 200 -
2025-04-21 10:36:25,938 - INFO - 127.0.0.1 - - [21/Apr/2025 10:36:25] "GET /get_results HTTP/1.1" 200 -
2025-04-21 10:36:26,302 - INFO - 127.0.0.1 - - [21/Apr/2025 10:36:26] "GET /get_results HTTP/1.1" 200 -
2025-04-21 10:36:26,306 - INFO - 127.0.0.1 - - [21/Apr/2025 10:36:26] "GET /get_results HTTP/1.1" 200 -
2025-04-21 10:36:26,309 - INFO - 127.0.0.1 - - [21/Apr/2025 10:36:26] "GET /get_results HTTP/1.1" 200 -
2025-04-21 10:36:26,312 - INFO - 127.0.0.1 - - [21/Apr/2025 10:36:26] "GET /get_results HTTP/1.1" 200 -
2025-04-21 10:36:26,555 - INFO - 127.0.0.1 - - [21/Apr/2025 10:36:26] "GET /get_results HTTP/1.1" 200 -
2025-04-21 10:36:26,949 - INFO - 127.0.0.1 - - [21/Apr/2025 10:36:26] "GET /get_results HTTP/1.1" 200 -
2025-04-21 10:36:27,307 - INFO - 127.0.0.1 - - [21/Apr/2025 10:36:27] "GET /get_results HTTP/1.1" 200 -
2025-04-21 10:36:27,312 - INFO - 127.0.0.1 - - [21/Apr/2025 10:36:27] "GET /get_results HTTP/1.1" 200 -
2025-04-21 10:36:27,320 - INFO - 127.0.0.1 - - [21/Apr/2025 10:36:27] "GET /get_results HTTP/1.1" 200 -
2025-04-21 10:36:27,543 - INFO - 127.0.0.1 - - [21/Apr/2025 10:36:27] "GET /get_results HTTP/1.1" 200 -
2025-04-21 10:36:27,943 - INFO - 127.0.0.1 - - [21/Apr/2025 10:36:27] "GET /get_results HTTP/1.1" 200 -
2025-04-21 10:36:28,301 - INFO - 127.0.0.1 - - [21/Apr/2025 10:36:28] "GET /get_results HTTP/1.1" 200 -
2025-04-21 10:36:28,305 - INFO - 127.0.0.1 - - [21/Apr/2025 10:36:28] "GET /get_results HTTP/1.1" 200 -
2025-04-21 10:36:28,309 - INFO - 127.0.0.1 - - [21/Apr/2025 10:36:28] "GET /get_results HTTP/1.1" 200 -
2025-04-21 10:36:28,313 - INFO - 127.0.0.1 - - [21/Apr/2025 10:36:28] "GET /get_results HTTP/1.1" 200 -
2025-04-21 10:36:28,542 - INFO - 127.0.0.1 - - [21/Apr/2025 10:36:28] "GET /get_results HTTP/1.1" 200 -
2025-04-21 10:36:28,935 - INFO - 127.0.0.1 - - [21/Apr/2025 10:36:28] "GET /get_results HTTP/1.1" 200 -
2025-04-21 10:36:29,304 - INFO - 127.0.0.1 - - [21/Apr/2025 10:36:29] "GET /get_results HTTP/1.1" 200 -
2025-04-21 10:36:29,310 - INFO - 127.0.0.1 - - [21/Apr/2025 10:36:29] "GET /get_results HTTP/1.1" 200 -
2025-04-21 10:36:29,316 - INFO - 127.0.0.1 - - [21/Apr/2025 10:36:29] "GET /get_results HTTP/1.1" 200 -
2025-04-21 10:36:29,543 - INFO - 127.0.0.1 - - [21/Apr/2025 10:36:29] "GET /get_results HTTP/1.1" 200 -
2025-04-21 10:36:29,939 - INFO - 127.0.0.1 - - [21/Apr/2025 10:36:29] "GET /get_results HTTP/1.1" 200 -
2025-04-21 10:36:30,302 - INFO - 127.0.0.1 - - [21/Apr/2025 10:36:30] "GET /get_results HTTP/1.1" 200 -
2025-04-21 10:36:30,307 - INFO - 127.0.0.1 - - [21/Apr/2025 10:36:30] "GET /get_results HTTP/1.1" 200 -
2025-04-21 10:36:30,311 - INFO - 127.0.0.1 - - [21/Apr/2025 10:36:30] "GET /get_results HTTP/1.1" 200 -
2025-04-21 10:36:30,317 - INFO - 127.0.0.1 - - [21/Apr/2025 10:36:30] "GET /get_results HTTP/1.1" 200 -
2025-04-21 10:36:30,550 - INFO - 127.0.0.1 - - [21/Apr/2025 10:36:30] "GET /get_results HTTP/1.1" 200 -
2025-04-21 10:36:30,954 - INFO - 127.0.0.1 - - [21/Apr/2025 10:36:30] "GET /get_results HTTP/1.1" 200 -
2025-04-21 10:36:31,305 - INFO - 127.0.0.1 - - [21/Apr/2025 10:36:31] "GET /get_results HTTP/1.1" 200 -
2025-04-21 10:36:31,311 - INFO - 127.0.0.1 - - [21/Apr/2025 10:36:31] "GET /get_results HTTP/1.1" 200 -
2025-04-21 10:36:31,318 - INFO - 127.0.0.1 - - [21/Apr/2025 10:36:31] "GET /get_results HTTP/1.1" 200 -
2025-04-21 10:36:31,549 - INFO - 127.0.0.1 - - [21/Apr/2025 10:36:31] "GET /get_results HTTP/1.1" 200 -
2025-04-21 10:36:31,949 - INFO - 127.0.0.1 - - [21/Apr/2025 10:36:31] "GET /get_results HTTP/1.1" 200 -
2025-04-21 10:36:32,301 - INFO - 127.0.0.1 - - [21/Apr/2025 10:36:32] "GET /get_results HTTP/1.1" 200 -
2025-04-21 10:36:32,306 - INFO - 127.0.0.1 - - [21/Apr/2025 10:36:32] "GET /get_results HTTP/1.1" 200 -
2025-04-21 10:36:32,309 - INFO - 127.0.0.1 - - [21/Apr/2025 10:36:32] "GET /get_results HTTP/1.1" 200 -
2025-04-21 10:36:32,313 - INFO - 127.0.0.1 - - [21/Apr/2025 10:36:32] "GET /get_results HTTP/1.1" 200 -
2025-04-21 10:36:32,550 - INFO - 127.0.0.1 - - [21/Apr/2025 10:36:32] "GET /get_results HTTP/1.1" 200 -
2025-04-21 10:36:32,750 - INFO - 127.0.0.1 - - [21/Apr/2025 10:36:32] "GET /start HTTP/1.1" 200 -
2025-04-21 10:36:32,936 - INFO - 127.0.0.1 - - [21/Apr/2025 10:36:32] "GET /get_results HTTP/1.1" 200 -
2025-04-21 10:36:33,302 - INFO - 127.0.0.1 - - [21/Apr/2025 10:36:33] "GET /get_results HTTP/1.1" 200 -
2025-04-21 10:36:33,308 - INFO - 127.0.0.1 - - [21/Apr/2025 10:36:33] "GET /get_results HTTP/1.1" 200 -
2025-04-21 10:36:33,315 - INFO - 127.0.0.1 - - [21/Apr/2025 10:36:33] "GET /get_results HTTP/1.1" 200 -
2025-04-21 10:36:33,550 - INFO - 127.0.0.1 - - [21/Apr/2025 10:36:33] "GET /get_results HTTP/1.1" 200 -
2025-04-21 10:36:33,773 - INFO - 127.0.0.1 - - [21/Apr/2025 10:36:33] "GET /get_results HTTP/1.1" 200 -
2025-04-21 10:36:33,938 - INFO - 127.0.0.1 - - [21/Apr/2025 10:36:33] "GET /get_results HTTP/1.1" 200 -
2025-04-21 10:36:34,302 - INFO - 127.0.0.1 - - [21/Apr/2025 10:36:34] "GET /get_results HTTP/1.1" 200 -
2025-04-21 10:36:34,306 - INFO - 127.0.0.1 - - [21/Apr/2025 10:36:34] "GET /get_results HTTP/1.1" 200 -
2025-04-21 10:36:34,309 - INFO - 127.0.0.1 - - [21/Apr/2025 10:36:34] "GET /get_results HTTP/1.1" 200 -
2025-04-21 10:36:34,314 - INFO - 127.0.0.1 - - [21/Apr/2025 10:36:34] "GET /get_results HTTP/1.1" 200 -
2025-04-21 10:36:34,541 - INFO - 127.0.0.1 - - [21/Apr/2025 10:36:34] "GET /get_results HTTP/1.1" 200 -
2025-04-21 10:36:34,769 - INFO - 127.0.0.1 - - [21/Apr/2025 10:36:34] "GET /get_results HTTP/1.1" 200 -
2025-04-21 10:36:34,937 - INFO - 127.0.0.1 - - [21/Apr/2025 10:36:34] "GET /get_results HTTP/1.1" 200 -
2025-04-21 10:36:35,306 - INFO - 127.0.0.1 - - [21/Apr/2025 10:36:35] "GET /get_results HTTP/1.1" 200 -
2025-04-21 10:36:35,317 - INFO - 127.0.0.1 - - [21/Apr/2025 10:36:35] "GET /get_results HTTP/1.1" 200 -
2025-04-21 10:36:35,323 - INFO - 127.0.0.1 - - [21/Apr/2025 10:36:35] "GET /get_results HTTP/1.1" 200 -
2025-04-21 10:36:35,544 - INFO - 127.0.0.1 - - [21/Apr/2025 10:36:35] "GET /get_results HTTP/1.1" 200 -
2025-04-21 10:36:35,768 - INFO - 127.0.0.1 - - [21/Apr/2025 10:36:35] "GET /get_results HTTP/1.1" 200 -
2025-04-21 10:36:35,936 - INFO - 127.0.0.1 - - [21/Apr/2025 10:36:35] "GET /get_results HTTP/1.1" 200 -
2025-04-21 10:36:36,301 - INFO - 127.0.0.1 - - [21/Apr/2025 10:36:36] "GET /get_results HTTP/1.1" 200 -
2025-04-21 10:36:36,305 - INFO - 127.0.0.1 - - [21/Apr/2025 10:36:36] "GET /get_results HTTP/1.1" 200 -
2025-04-21 10:36:36,311 - INFO - 127.0.0.1 - - [21/Apr/2025 10:36:36] "GET /get_results HTTP/1.1" 200 -
2025-04-21 10:36:36,319 - INFO - 127.0.0.1 - - [21/Apr/2025 10:36:36] "GET /get_results HTTP/1.1" 200 -
2025-04-21 10:36:36,552 - INFO - 127.0.0.1 - - [21/Apr/2025 10:36:36] "GET /get_results HTTP/1.1" 200 -
2025-04-21 10:36:36,782 - INFO - 127.0.0.1 - - [21/Apr/2025 10:36:36] "GET /get_results HTTP/1.1" 200 -
2025-04-21 10:36:36,949 - INFO - 127.0.0.1 - - [21/Apr/2025 10:36:36] "GET /get_results HTTP/1.1" 200 -
2025-04-21 10:36:37,219 - INFO - 127.0.0.1 - - [21/Apr/2025 10:36:37] "GET /get_results HTTP/1.1" 200 -
2025-04-21 10:36:37,223 - INFO - 127.0.0.1 - - [21/Apr/2025 10:36:37] "GET /get_results HTTP/1.1" 200 -
2025-04-21 10:36:37,226 - INFO - 127.0.0.1 - - [21/Apr/2025 10:36:37] "GET /get_results HTTP/1.1" 200 -
2025-04-21 10:36:37,332 - INFO - 127.0.0.1 - - [21/Apr/2025 10:36:37] "GET /get_results HTTP/1.1" 200 -
2025-04-21 10:36:37,747 - INFO - 127.0.0.1 - - [21/Apr/2025 10:36:37] "GET /get_results HTTP/1.1" 200 -
2025-04-21 10:36:37,779 - INFO - 127.0.0.1 - - [21/Apr/2025 10:36:37] "GET /get_results HTTP/1.1" 200 -
2025-04-21 10:36:38,095 - INFO - 127.0.0.1 - - [21/Apr/2025 10:36:38] "GET /get_results HTTP/1.1" 200 -
2025-04-21 10:36:38,349 - INFO - 127.0.0.1 - - [21/Apr/2025 10:36:38] "GET /get_results HTTP/1.1" 200 -
2025-04-21 10:36:38,735 - INFO - 127.0.0.1 - - [21/Apr/2025 10:36:38] "GET /get_results HTTP/1.1" 200 -
2025-04-21 10:36:38,772 - INFO - 127.0.0.1 - - [21/Apr/2025 10:36:38] "GET /get_results HTTP/1.1" 200 -
2025-04-21 10:36:39,102 - INFO - 127.0.0.1 - - [21/Apr/2025 10:36:39] "GET /get_results HTTP/1.1" 200 -
2025-04-21 10:36:39,350 - INFO - 127.0.0.1 - - [21/Apr/2025 10:36:39] "GET /get_results HTTP/1.1" 200 -
2025-04-21 10:36:39,736 - INFO - 127.0.0.1 - - [21/Apr/2025 10:36:39] "GET /get_results HTTP/1.1" 200 -
2025-04-21 10:36:39,787 - INFO - 127.0.0.1 - - [21/Apr/2025 10:36:39] "GET /get_results HTTP/1.1" 200 -
2025-04-21 10:36:40,093 - INFO - 127.0.0.1 - - [21/Apr/2025 10:36:40] "GET /get_results HTTP/1.1" 200 -
2025-04-21 10:36:40,350 - INFO - 127.0.0.1 - - [21/Apr/2025 10:36:40] "GET /get_results HTTP/1.1" 200 -
2025-04-21 10:37:01,087 - WARNING - Neither CUDA nor MPS are available - defaulting to CPU. Note: This module is much faster with a GPU.
2025-04-21 10:37:02,371 - INFO -  * Restarting with watchdog (windowsapi)
2025-04-21 10:37:05,884 - WARNING - Neither CUDA nor MPS are available - defaulting to CPU. Note: This module is much faster with a GPU.
2025-04-21 10:37:07,210 - WARNING -  * Debugger is active!
2025-04-21 10:37:07,211 - INFO -  * Debugger PIN: 954-123-181
2025-04-21 10:37:07,272 - INFO -  * Running on http://127.0.0.1:5000/ (Press CTRL+C to quit)
2025-04-21 10:37:15,811 - INFO - 127.0.0.1 - - [21/Apr/2025 10:37:15] "GET / HTTP/1.1" 200 -
2025-04-21 10:37:15,893 - INFO - 127.0.0.1 - - [21/Apr/2025 10:37:15] "GET /video_feed HTTP/1.1" 200 -
2025-04-21 10:37:19,739 - INFO - 127.0.0.1 - - [21/Apr/2025 10:37:19] "GET /start HTTP/1.1" 200 -
2025-04-21 10:37:20,752 - INFO - 127.0.0.1 - - [21/Apr/2025 10:37:20] "GET /get_results HTTP/1.1" 200 -
2025-04-21 10:37:21,746 - INFO - 127.0.0.1 - - [21/Apr/2025 10:37:21] "GET /get_results HTTP/1.1" 200 -
2025-04-21 10:37:22,748 - INFO - 127.0.0.1 - - [21/Apr/2025 10:37:22] "GET /get_results HTTP/1.1" 200 -
2025-04-21 10:37:23,758 - INFO - 127.0.0.1 - - [21/Apr/2025 10:37:23] "GET /get_results HTTP/1.1" 200 -
2025-04-21 10:37:24,760 - INFO - 127.0.0.1 - - [21/Apr/2025 10:37:24] "GET /get_results HTTP/1.1" 200 -
2025-04-21 10:37:25,746 - INFO - 127.0.0.1 - - [21/Apr/2025 10:37:25] "GET /get_results HTTP/1.1" 200 -
2025-04-21 10:37:26,761 - INFO - 127.0.0.1 - - [21/Apr/2025 10:37:26] "GET /get_results HTTP/1.1" 200 -
2025-04-21 10:37:27,751 - INFO - 127.0.0.1 - - [21/Apr/2025 10:37:27] "GET /get_results HTTP/1.1" 200 -
2025-04-21 10:37:28,747 - INFO - 127.0.0.1 - - [21/Apr/2025 10:37:28] "GET /get_results HTTP/1.1" 200 -
2025-04-21 10:37:29,746 - INFO - 127.0.0.1 - - [21/Apr/2025 10:37:29] "GET /get_results HTTP/1.1" 200 -
2025-04-21 10:37:30,755 - INFO - 127.0.0.1 - - [21/Apr/2025 10:37:30] "GET /get_results HTTP/1.1" 200 -
2025-04-21 10:43:49,737 - WARNING - Neither CUDA nor MPS are available - defaulting to CPU. Note: This module is much faster with a GPU.
2025-04-21 10:43:51,002 - INFO -  * Restarting with watchdog (windowsapi)
2025-04-21 10:43:54,569 - WARNING - Neither CUDA nor MPS are available - defaulting to CPU. Note: This module is much faster with a GPU.
2025-04-21 10:43:55,819 - WARNING -  * Debugger is active!
2025-04-21 10:43:55,820 - INFO -  * Debugger PIN: 954-123-181
2025-04-21 10:43:55,878 - INFO -  * Running on http://127.0.0.1:5000/ (Press CTRL+C to quit)
2025-04-21 10:44:08,447 - INFO - 127.0.0.1 - - [21/Apr/2025 10:44:08] "GET / HTTP/1.1" 200 -
2025-04-21 10:44:08,462 - INFO - 127.0.0.1 - - [21/Apr/2025 10:44:08] "[33mGET /video_feed HTTP/1.1[0m" 404 -
2025-04-21 10:44:10,275 - INFO - 127.0.0.1 - - [21/Apr/2025 10:44:10] "GET /start HTTP/1.1" 200 -
2025-04-21 10:44:11,283 - INFO - 127.0.0.1 - - [21/Apr/2025 10:44:11] "GET /get_results HTTP/1.1" 200 -
2025-04-21 10:44:12,293 - INFO - 127.0.0.1 - - [21/Apr/2025 10:44:12] "GET /get_results HTTP/1.1" 200 -
2025-04-21 10:44:13,286 - INFO - 127.0.0.1 - - [21/Apr/2025 10:44:13] "GET /get_results HTTP/1.1" 200 -
2025-04-21 10:44:14,292 - INFO - 127.0.0.1 - - [21/Apr/2025 10:44:14] "GET /get_results HTTP/1.1" 200 -
2025-04-21 10:44:15,293 - INFO - 127.0.0.1 - - [21/Apr/2025 10:44:15] "GET /get_results HTTP/1.1" 200 -
2025-04-21 10:44:15,649 - INFO - Speed data and detection results saved successfully
2025-04-21 10:44:15,649 - INFO - Total frames processed: 52
2025-04-21 10:44:15,650 - INFO - Total vehicles detected: 6
2025-04-21 10:44:15,650 - INFO - Speeding vehicles: 1
2025-04-21 10:44:15,650 - INFO - Speeding vehicle IDs: [5]
2025-04-21 10:44:15,668 - INFO -  * Detected change in 'C:\\Users\\waskh\\AppData\\Local\\Programs\\Python\\Python313\\Lib\\threading.py', reloading
2025-04-21 10:44:16,449 - INFO -  * Restarting with watchdog (windowsapi)
2025-04-21 10:44:20,138 - WARNING - Neither CUDA nor MPS are available - defaulting to CPU. Note: This module is much faster with a GPU.
2025-04-21 10:44:21,394 - WARNING -  * Debugger is active!
2025-04-21 10:44:21,398 - INFO -  * Debugger PIN: 954-123-181
2025-04-21 10:44:21,459 - INFO -  * Running on http://127.0.0.1:5000/ (Press CTRL+C to quit)
2025-04-21 10:44:21,602 - INFO - 127.0.0.1 - - [21/Apr/2025 10:44:21] "GET /get_results HTTP/1.1" 200 -
2025-04-21 10:44:21,605 - INFO - 127.0.0.1 - - [21/Apr/2025 10:44:21] "GET /get_results HTTP/1.1" 200 -
2025-04-21 10:44:22,301 - INFO - 127.0.0.1 - - [21/Apr/2025 10:44:22] "GET /get_results HTTP/1.1" 200 -
2025-04-21 10:44:23,299 - INFO - 127.0.0.1 - - [21/Apr/2025 10:44:23] "GET /get_results HTTP/1.1" 200 -
2025-04-21 10:44:24,299 - INFO - 127.0.0.1 - - [21/Apr/2025 10:44:24] "GET /get_results HTTP/1.1" 200 -
2025-04-21 10:44:25,302 - INFO - 127.0.0.1 - - [21/Apr/2025 10:44:25] "GET /get_results HTTP/1.1" 200 -
2025-04-21 10:44:26,303 - INFO - 127.0.0.1 - - [21/Apr/2025 10:44:26] "GET /get_results HTTP/1.1" 200 -
2025-04-21 10:44:27,305 - INFO - 127.0.0.1 - - [21/Apr/2025 10:44:27] "GET /get_results HTTP/1.1" 200 -
2025-04-21 10:44:28,306 - INFO - 127.0.0.1 - - [21/Apr/2025 10:44:28] "GET /get_results HTTP/1.1" 200 -
2025-04-21 10:44:29,307 - INFO - 127.0.0.1 - - [21/Apr/2025 10:44:29] "GET /get_results HTTP/1.1" 200 -
2025-04-21 10:44:30,306 - INFO - 127.0.0.1 - - [21/Apr/2025 10:44:30] "GET /get_results HTTP/1.1" 200 -
2025-04-21 10:49:37,506 - INFO - Speeding vehicle 5 detected! Speed: 80.2 km/h
2025-04-21 10:49:37,603 - INFO - Speeding vehicle 5 detected! Speed: 80.6 km/h
2025-04-21 10:49:37,694 - INFO - Speeding vehicle 5 detected! Speed: 80.9 km/h
2025-04-21 10:49:43,048 - INFO - Speeding vehicle 7 detected! Speed: 81.8 km/h
2025-04-21 10:49:43,141 - INFO - Speeding vehicle 7 detected! Speed: 83.9 km/h
2025-04-21 10:49:43,237 - INFO - Speeding vehicle 7 detected! Speed: 86.0 km/h
2025-04-21 10:49:45,217 - INFO - Speeding vehicle 9 detected! Speed: 80.9 km/h
2025-04-21 10:49:45,316 - INFO - Speeding vehicle 9 detected! Speed: 82.0 km/h
2025-04-21 10:49:45,417 - INFO - Speeding vehicle 9 detected! Speed: 82.7 km/h
2025-04-21 10:49:46,712 - INFO - Speeding vehicle 10 detected! Speed: 80.5 km/h
2025-04-21 10:49:46,829 - INFO - Speeding vehicle 10 detected! Speed: 81.7 km/h
2025-04-21 10:49:46,939 - INFO - Speeding vehicle 10 detected! Speed: 82.6 km/h
2025-04-21 10:49:47,882 - INFO - Speeding vehicle 11 detected! Speed: 80.1 km/h
2025-04-21 10:49:47,982 - INFO - Speeding vehicle 11 detected! Speed: 80.6 km/h
2025-04-21 10:49:48,080 - INFO - Speeding vehicle 11 detected! Speed: 80.9 km/h
2025-04-21 10:49:48,364 - INFO - Speeding vehicle 12 detected! Speed: 80.1 km/h
2025-04-21 10:49:48,458 - INFO - Speeding vehicle 12 detected! Speed: 81.3 km/h
2025-04-21 10:49:48,558 - INFO - Speeding vehicle 12 detected! Speed: 82.4 km/h
2025-04-21 10:49:49,764 - INFO - Speeding vehicle 17 detected! Speed: 83.0 km/h
2025-04-21 10:49:49,975 - INFO - Speeding vehicle 17 detected! Speed: 90.0 km/h
2025-04-21 10:49:50,088 - INFO - Speeding vehicle 17 detected! Speed: 90.0 km/h
2025-04-21 10:49:54,475 - INFO - Speeding vehicle 21 detected! Speed: 86.3 km/h
2025-04-21 10:49:54,930 - INFO - Speeding vehicle 21 detected! Speed: 81.9 km/h
2025-04-21 10:49:55,026 - INFO - Speeding vehicle 21 detected! Speed: 84.9 km/h
2025-04-21 10:49:56,620 - INFO - Speeding vehicle 23 detected! Speed: 80.4 km/h
2025-04-21 10:49:56,709 - INFO - Speeding vehicle 23 detected! Speed: 83.0 km/h
2025-04-21 10:49:56,813 - INFO - Speeding vehicle 23 detected! Speed: 81.3 km/h
2025-04-21 10:49:58,478 - INFO - Speeding vehicle 24 detected! Speed: 86.6 km/h
2025-04-21 10:49:58,572 - INFO - Speeding vehicle 24 detected! Speed: 93.9 km/h
2025-04-21 10:49:58,665 - INFO - Speeding vehicle 24 detected! Speed: 90.3 km/h
2025-04-21 10:50:00,364 - INFO - Speeding vehicle 27 detected! Speed: 91.0 km/h
2025-04-21 10:50:00,563 - INFO - Speeding vehicle 27 detected! Speed: 93.3 km/h
2025-04-21 10:50:00,665 - INFO - Speeding vehicle 27 detected! Speed: 103.0 km/h
2025-04-21 10:50:01,649 - INFO - Speed data and detection results saved successfully
2025-04-21 10:50:01,649 - INFO - Total frames processed: 304
2025-04-21 10:50:01,650 - INFO - Total vehicles detected: 28
2025-04-21 10:50:01,650 - INFO - Speeding vehicles: 4
2025-04-21 10:50:01,650 - INFO - Speeding vehicle IDs: [17, 23, 24, 27]
2025-04-21 10:50:01,679 - INFO - Speed detection completed
2025-04-22 15:08:52,332 - INFO - Speeding vehicle 5 detected! Speed: 80.2 km/h
2025-04-22 15:08:52,444 - INFO - Speeding vehicle 5 detected! Speed: 80.6 km/h
2025-04-22 15:08:52,541 - INFO - Speeding vehicle 5 detected! Speed: 80.9 km/h
2025-04-22 15:08:57,958 - INFO - Speeding vehicle 7 detected! Speed: 81.8 km/h
2025-04-22 15:08:58,056 - INFO - Speeding vehicle 7 detected! Speed: 83.9 km/h
2025-04-22 15:08:58,153 - INFO - Speeding vehicle 7 detected! Speed: 86.0 km/h
2025-04-22 15:09:00,152 - INFO - Speeding vehicle 9 detected! Speed: 80.9 km/h
2025-04-22 15:09:00,258 - INFO - Speeding vehicle 9 detected! Speed: 82.0 km/h
2025-04-22 15:09:00,351 - INFO - Speeding vehicle 9 detected! Speed: 82.7 km/h
2025-04-22 15:09:01,623 - INFO - Speeding vehicle 10 detected! Speed: 80.5 km/h
2025-04-22 15:09:01,734 - INFO - Speeding vehicle 10 detected! Speed: 81.7 km/h
2025-04-22 15:09:01,839 - INFO - Speeding vehicle 10 detected! Speed: 82.6 km/h
2025-04-22 15:09:02,709 - INFO - Speeding vehicle 11 detected! Speed: 80.1 km/h
2025-04-22 15:09:02,809 - INFO - Speeding vehicle 11 detected! Speed: 80.6 km/h
2025-04-22 15:09:02,913 - INFO - Speeding vehicle 11 detected! Speed: 80.9 km/h
2025-04-22 15:09:03,246 - INFO - Speeding vehicle 12 detected! Speed: 80.1 km/h
2025-04-22 15:09:03,358 - INFO - Speeding vehicle 12 detected! Speed: 81.3 km/h
2025-04-22 15:09:03,466 - INFO - Speeding vehicle 12 detected! Speed: 82.4 km/h
2025-04-22 15:09:04,648 - INFO - Speeding vehicle 17 detected! Speed: 83.0 km/h
2025-04-22 15:09:04,847 - INFO - Speeding vehicle 17 detected! Speed: 90.0 km/h
2025-04-22 15:09:04,947 - INFO - Speeding vehicle 17 detected! Speed: 90.0 km/h
2025-04-22 15:09:09,404 - INFO - Speeding vehicle 21 detected! Speed: 86.3 km/h
2025-04-22 15:09:09,875 - INFO - Speeding vehicle 21 detected! Speed: 81.9 km/h
2025-04-22 15:09:09,971 - INFO - Speeding vehicle 21 detected! Speed: 84.9 km/h
2025-04-22 15:09:11,600 - INFO - Speeding vehicle 23 detected! Speed: 80.4 km/h
2025-04-22 15:09:11,703 - INFO - Speeding vehicle 23 detected! Speed: 83.0 km/h
2025-04-22 15:09:11,812 - INFO - Speeding vehicle 23 detected! Speed: 81.3 km/h
2025-04-22 15:09:13,565 - INFO - Speeding vehicle 24 detected! Speed: 86.6 km/h
2025-04-22 15:09:13,675 - INFO - Speeding vehicle 24 detected! Speed: 93.9 km/h
2025-04-22 15:09:13,787 - INFO - Speeding vehicle 24 detected! Speed: 90.3 km/h
2025-04-22 15:09:15,567 - INFO - Speeding vehicle 27 detected! Speed: 91.0 km/h
2025-04-22 15:09:15,780 - INFO - Speeding vehicle 27 detected! Speed: 93.3 km/h
2025-04-22 15:09:15,873 - INFO - Speeding vehicle 27 detected! Speed: 103.0 km/h
2025-04-22 15:09:16,872 - INFO - Speed data and detection results saved successfully
2025-04-22 15:09:16,872 - INFO - Total frames processed: 304
2025-04-22 15:09:16,872 - INFO - Total vehicles detected: 28
2025-04-22 15:09:16,872 - INFO - Speeding vehicles: 4
2025-04-22 15:09:16,872 - INFO - Speeding vehicle IDs: [17, 23, 24, 27]
2025-04-22 15:09:16,899 - INFO - Speed detection completed
2025-04-22 15:12:15,299 - INFO - Speeding vehicle 5 detected! Speed: 80.2 km/h
2025-04-22 15:12:15,425 - INFO - Speeding vehicle 5 detected! Speed: 80.6 km/h
2025-04-22 15:12:15,537 - INFO - Speeding vehicle 5 detected! Speed: 80.9 km/h
2025-04-22 15:12:20,750 - INFO - Speeding vehicle 7 detected! Speed: 81.8 km/h
2025-04-22 15:12:20,846 - INFO - Speeding vehicle 7 detected! Speed: 83.9 km/h
2025-04-22 15:12:20,935 - INFO - Speeding vehicle 7 detected! Speed: 86.0 km/h
2025-04-22 15:12:22,796 - INFO - Speeding vehicle 9 detected! Speed: 80.9 km/h
2025-04-22 15:12:22,885 - INFO - Speeding vehicle 9 detected! Speed: 82.0 km/h
2025-04-22 15:12:22,979 - INFO - Speeding vehicle 9 detected! Speed: 82.7 km/h
2025-04-22 15:12:24,184 - INFO - Speeding vehicle 10 detected! Speed: 80.5 km/h
2025-04-22 15:12:24,277 - INFO - Speeding vehicle 10 detected! Speed: 81.7 km/h
2025-04-22 15:12:24,363 - INFO - Speeding vehicle 10 detected! Speed: 82.6 km/h
2025-04-22 15:12:25,226 - INFO - Speeding vehicle 11 detected! Speed: 80.1 km/h
2025-04-22 15:12:25,317 - INFO - Speeding vehicle 11 detected! Speed: 80.6 km/h
2025-04-22 15:12:25,415 - INFO - Speeding vehicle 11 detected! Speed: 80.9 km/h
2025-04-22 15:12:25,698 - INFO - Speeding vehicle 12 detected! Speed: 80.1 km/h
2025-04-22 15:12:25,792 - INFO - Speeding vehicle 12 detected! Speed: 81.3 km/h
2025-04-22 15:12:25,887 - INFO - Speeding vehicle 12 detected! Speed: 82.4 km/h
2025-04-22 15:12:26,988 - INFO - Speeding vehicle 17 detected! Speed: 83.0 km/h
2025-04-22 15:12:27,175 - INFO - Speeding vehicle 17 detected! Speed: 90.0 km/h
2025-04-22 15:12:27,275 - INFO - Speeding vehicle 17 detected! Speed: 90.0 km/h
2025-04-22 15:12:31,679 - INFO - Speeding vehicle 21 detected! Speed: 86.3 km/h
2025-04-22 15:12:32,156 - INFO - Speeding vehicle 21 detected! Speed: 81.9 km/h
2025-04-22 15:12:32,261 - INFO - Speeding vehicle 21 detected! Speed: 84.9 km/h
2025-04-22 15:12:33,800 - INFO - Speeding vehicle 23 detected! Speed: 80.4 km/h
2025-04-22 15:12:33,896 - INFO - Speeding vehicle 23 detected! Speed: 83.0 km/h
2025-04-22 15:12:33,988 - INFO - Speeding vehicle 23 detected! Speed: 81.3 km/h
2025-04-22 15:12:35,664 - INFO - Speeding vehicle 24 detected! Speed: 86.6 km/h
2025-04-22 15:12:35,755 - INFO - Speeding vehicle 24 detected! Speed: 93.9 km/h
2025-04-22 15:12:35,995 - INFO - Speeding vehicle 24 detected! Speed: 90.3 km/h
2025-04-22 15:12:37,619 - INFO - Speeding vehicle 27 detected! Speed: 91.0 km/h
2025-04-22 15:12:37,819 - INFO - Speeding vehicle 27 detected! Speed: 93.3 km/h
2025-04-22 15:12:37,931 - INFO - Speeding vehicle 27 detected! Speed: 103.0 km/h
2025-04-22 15:12:38,882 - INFO - Speed data and detection results saved successfully
2025-04-22 15:12:38,883 - INFO - Total frames processed: 304
2025-04-22 15:12:38,883 - INFO - Total vehicles detected: 28
2025-04-22 15:12:38,883 - INFO - Speeding vehicles: 4
2025-04-22 15:12:38,883 - INFO - Speeding vehicle IDs: [17, 23, 24, 27]
2025-04-22 15:12:38,911 - INFO - Speed detection completed
2025-04-22 15:20:22,230 - INFO - Speeding vehicle 5 detected! Speed: 80.2 km/h
2025-04-22 15:20:22,473 - INFO - Speeding vehicle 5 detected! Speed: 80.6 km/h
2025-04-22 15:20:22,715 - INFO - Speeding vehicle 5 detected! Speed: 80.9 km/h
2025-04-22 15:20:37,320 - INFO - Speeding vehicle 7 detected! Speed: 81.8 km/h
2025-04-22 15:20:37,413 - INFO - Speeding vehicle 7 detected! Speed: 83.9 km/h
2025-04-22 15:20:37,511 - INFO - Speeding vehicle 7 detected! Speed: 86.0 km/h
2025-04-22 15:20:40,209 - INFO - Speeding vehicle 9 detected! Speed: 80.9 km/h
2025-04-22 15:20:40,432 - INFO - Speeding vehicle 9 detected! Speed: 82.0 km/h
2025-04-22 15:20:40,675 - INFO - Speeding vehicle 9 detected! Speed: 82.7 km/h
2025-04-22 15:20:44,345 - INFO - Speeding vehicle 10 detected! Speed: 80.5 km/h
2025-04-22 15:20:44,683 - INFO - Speeding vehicle 10 detected! Speed: 81.7 km/h
2025-04-22 15:20:44,937 - INFO - Speeding vehicle 10 detected! Speed: 82.6 km/h
2025-04-22 15:20:47,349 - INFO - Speeding vehicle 11 detected! Speed: 80.1 km/h
2025-04-22 15:20:47,642 - INFO - Speeding vehicle 11 detected! Speed: 80.6 km/h
2025-04-22 15:20:47,889 - INFO - Speeding vehicle 11 detected! Speed: 80.9 km/h
2025-04-22 15:20:48,688 - INFO - Speeding vehicle 12 detected! Speed: 80.1 km/h
2025-04-22 15:20:48,941 - INFO - Speeding vehicle 12 detected! Speed: 81.3 km/h
2025-04-22 15:20:49,193 - INFO - Speeding vehicle 12 detected! Speed: 82.4 km/h
2025-04-22 15:20:53,093 - INFO - Speeding vehicle 17 detected! Speed: 83.0 km/h
2025-04-22 15:20:53,855 - INFO - Speeding vehicle 17 detected! Speed: 90.0 km/h
2025-04-22 15:20:54,107 - INFO - Speeding vehicle 17 detected! Speed: 90.0 km/h
2025-04-22 15:21:07,431 - INFO - Speeding vehicle 21 detected! Speed: 86.3 km/h
2025-04-22 15:21:08,676 - INFO - Speeding vehicle 21 detected! Speed: 81.9 km/h
2025-04-22 15:21:08,989 - INFO - Speeding vehicle 21 detected! Speed: 84.9 km/h
2025-04-22 15:21:13,630 - INFO - Speeding vehicle 23 detected! Speed: 80.4 km/h
2025-04-22 15:21:13,887 - INFO - Speeding vehicle 23 detected! Speed: 83.0 km/h
2025-04-22 15:21:14,235 - INFO - Speeding vehicle 23 detected! Speed: 81.3 km/h
2025-04-22 15:21:19,142 - INFO - Speeding vehicle 24 detected! Speed: 86.6 km/h
2025-04-22 15:21:19,440 - INFO - Speeding vehicle 24 detected! Speed: 93.9 km/h
2025-04-22 15:21:19,790 - INFO - Speeding vehicle 24 detected! Speed: 90.3 km/h
2025-04-22 15:21:25,746 - INFO - Speeding vehicle 27 detected! Speed: 91.0 km/h
2025-04-22 15:21:26,380 - INFO - Speeding vehicle 27 detected! Speed: 93.3 km/h
2025-04-22 15:21:26,740 - INFO - Speeding vehicle 27 detected! Speed: 103.0 km/h
2025-04-22 15:21:29,803 - INFO - Speed data and detection results saved successfully
2025-04-22 15:21:29,803 - INFO - Total frames processed: 304
2025-04-22 15:21:29,803 - INFO - Total vehicles detected: 28
2025-04-22 15:21:29,803 - INFO - Speeding vehicles: 4
2025-04-22 15:21:29,804 - INFO - Speeding vehicle IDs: [17, 23, 24, 27]
2025-04-22 15:21:29,836 - INFO - Speed detection completed
2025-04-22 15:26:28,209 - INFO - Speeding vehicle 1 detected! Speed: 81.8 km/h
2025-04-22 15:26:28,501 - INFO - Speeding vehicle 1 detected! Speed: 86.5 km/h
2025-04-22 15:26:29,337 - INFO - Speeding vehicle 1 detected! Speed: 80.8 km/h
2025-04-22 15:26:38,872 - INFO - Speeding vehicle 2 detected! Speed: 82.4 km/h
2025-04-22 15:26:38,975 - INFO - Speeding vehicle 2 detected! Speed: 93.6 km/h
2025-04-22 15:26:39,371 - INFO - Speeding vehicle 2 detected! Speed: 83.3 km/h
2025-04-22 15:26:43,478 - INFO - Speeding vehicle 3 detected! Speed: 81.1 km/h
2025-04-22 15:26:43,591 - INFO - Speeding vehicle 3 detected! Speed: 87.3 km/h
2025-04-22 15:26:43,968 - INFO - Speeding vehicle 3 detected! Speed: 81.7 km/h
2025-04-22 15:27:07,324 - INFO - Speed data and detection results saved successfully
2025-04-22 15:27:07,325 - INFO - Total frames processed: 694
2025-04-22 15:27:07,325 - INFO - Total vehicles detected: 3
2025-04-22 15:27:07,325 - INFO - Speeding vehicles: 3
2025-04-22 15:27:07,325 - INFO - Speeding vehicle IDs: [1, 2, 3]
2025-04-22 15:27:07,357 - INFO - Speed detection completed
2025-04-23 00:07:38,552 - INFO - Speeding vehicle 5 detected! Speed: 80.2 km/h
2025-04-23 00:07:38,681 - INFO - Speeding vehicle 5 detected! Speed: 80.6 km/h
2025-04-23 00:07:38,784 - INFO - Speeding vehicle 5 detected! Speed: 80.9 km/h
2025-04-23 00:07:44,774 - INFO - Speeding vehicle 7 detected! Speed: 81.8 km/h
2025-04-23 00:07:44,871 - INFO - Speeding vehicle 7 detected! Speed: 83.9 km/h
2025-04-23 00:07:44,967 - INFO - Speeding vehicle 7 detected! Speed: 86.0 km/h
2025-04-23 00:07:47,086 - INFO - Speeding vehicle 9 detected! Speed: 80.9 km/h
2025-04-23 00:07:47,199 - INFO - Speeding vehicle 9 detected! Speed: 82.0 km/h
2025-04-23 00:07:47,302 - INFO - Speeding vehicle 9 detected! Speed: 82.7 km/h
2025-04-23 00:07:48,756 - INFO - Speeding vehicle 10 detected! Speed: 80.5 km/h
2025-04-23 00:07:48,871 - INFO - Speeding vehicle 10 detected! Speed: 81.7 km/h
2025-04-23 00:07:48,971 - INFO - Speeding vehicle 10 detected! Speed: 82.6 km/h
2025-04-23 00:07:49,889 - INFO - Speeding vehicle 11 detected! Speed: 80.1 km/h
2025-04-23 00:07:50,002 - INFO - Speeding vehicle 11 detected! Speed: 80.6 km/h
2025-04-23 00:07:50,113 - INFO - Speeding vehicle 11 detected! Speed: 80.9 km/h
2025-04-23 00:07:50,452 - INFO - Speeding vehicle 12 detected! Speed: 80.1 km/h
2025-04-23 00:07:50,564 - INFO - Speeding vehicle 12 detected! Speed: 81.3 km/h
2025-04-23 00:07:50,672 - INFO - Speeding vehicle 12 detected! Speed: 82.4 km/h
2025-04-23 00:07:51,956 - INFO - Speeding vehicle 17 detected! Speed: 83.0 km/h
2025-04-23 00:07:52,186 - INFO - Speeding vehicle 17 detected! Speed: 90.0 km/h
2025-04-23 00:07:52,312 - INFO - Speeding vehicle 17 detected! Speed: 90.0 km/h
2025-04-23 00:07:57,169 - INFO - Speeding vehicle 21 detected! Speed: 86.3 km/h
2025-04-23 00:07:57,722 - INFO - Speeding vehicle 21 detected! Speed: 81.9 km/h
2025-04-23 00:07:57,829 - INFO - Speeding vehicle 21 detected! Speed: 84.9 km/h
2025-04-23 00:07:59,579 - INFO - Speeding vehicle 23 detected! Speed: 80.4 km/h
2025-04-23 00:07:59,688 - INFO - Speeding vehicle 23 detected! Speed: 83.0 km/h
2025-04-23 00:07:59,797 - INFO - Speeding vehicle 23 detected! Speed: 81.3 km/h
2025-04-23 00:08:01,680 - INFO - Speeding vehicle 24 detected! Speed: 86.6 km/h
2025-04-23 00:08:01,780 - INFO - Speeding vehicle 24 detected! Speed: 93.9 km/h
2025-04-23 00:08:01,908 - INFO - Speeding vehicle 24 detected! Speed: 90.3 km/h
2025-04-23 00:08:03,836 - INFO - Speeding vehicle 27 detected! Speed: 91.0 km/h
2025-04-23 00:08:04,039 - INFO - Speeding vehicle 27 detected! Speed: 93.3 km/h
2025-04-23 00:08:04,188 - INFO - Speeding vehicle 27 detected! Speed: 103.0 km/h
2025-04-23 00:08:05,239 - INFO - Speed data and detection results saved successfully
2025-04-23 00:08:05,240 - INFO - Total frames processed: 304
2025-04-23 00:08:05,240 - INFO - Total vehicles detected: 28
2025-04-23 00:08:05,240 - INFO - Speeding vehicles: 4
2025-04-23 00:08:05,240 - INFO - Speeding vehicle IDs: [17, 23, 24, 27]
2025-04-23 00:08:05,300 - INFO - Speed detection completed
2025-04-23 00:09:55,686 - INFO - Speeding vehicle 5 detected! Speed: 80.2 km/h
2025-04-23 00:09:55,792 - INFO - Speeding vehicle 5 detected! Speed: 80.6 km/h
2025-04-23 00:09:55,902 - INFO - Speeding vehicle 5 detected! Speed: 80.9 km/h
2025-04-23 00:10:01,932 - INFO - Speeding vehicle 7 detected! Speed: 81.8 km/h
2025-04-23 00:10:02,040 - INFO - Speeding vehicle 7 detected! Speed: 83.9 km/h
2025-04-23 00:10:02,154 - INFO - Speeding vehicle 7 detected! Speed: 86.0 km/h
2025-04-23 00:10:04,372 - INFO - Speeding vehicle 9 detected! Speed: 80.9 km/h
2025-04-23 00:10:04,488 - INFO - Speeding vehicle 9 detected! Speed: 82.0 km/h
2025-04-23 00:10:04,584 - INFO - Speeding vehicle 9 detected! Speed: 82.7 km/h
2025-04-23 00:10:06,024 - INFO - Speeding vehicle 10 detected! Speed: 80.5 km/h
2025-04-23 00:10:06,127 - INFO - Speeding vehicle 10 detected! Speed: 81.7 km/h
2025-04-23 00:10:06,233 - INFO - Speeding vehicle 10 detected! Speed: 82.6 km/h
2025-04-23 00:10:07,185 - INFO - Speeding vehicle 11 detected! Speed: 80.1 km/h
2025-04-23 00:10:07,288 - INFO - Speeding vehicle 11 detected! Speed: 80.6 km/h
2025-04-23 00:10:07,395 - INFO - Speeding vehicle 11 detected! Speed: 80.9 km/h
2025-04-23 00:10:07,717 - INFO - Speeding vehicle 12 detected! Speed: 80.1 km/h
2025-04-23 00:10:07,809 - INFO - Speeding vehicle 12 detected! Speed: 81.3 km/h
2025-04-23 00:10:07,923 - INFO - Speeding vehicle 12 detected! Speed: 82.4 km/h
2025-04-23 00:10:09,186 - INFO - Speeding vehicle 17 detected! Speed: 83.0 km/h
2025-04-23 00:10:09,402 - INFO - Speeding vehicle 17 detected! Speed: 90.0 km/h
2025-04-23 00:10:09,501 - INFO - Speeding vehicle 17 detected! Speed: 90.0 km/h
2025-04-23 00:10:14,565 - INFO - Speeding vehicle 21 detected! Speed: 86.3 km/h
2025-04-23 00:10:15,107 - INFO - Speeding vehicle 21 detected! Speed: 81.9 km/h
2025-04-23 00:10:15,230 - INFO - Speeding vehicle 21 detected! Speed: 84.9 km/h
2025-04-23 00:10:17,149 - INFO - Speeding vehicle 23 detected! Speed: 80.4 km/h
2025-04-23 00:10:17,252 - INFO - Speeding vehicle 23 detected! Speed: 83.0 km/h
2025-04-23 00:10:17,367 - INFO - Speeding vehicle 23 detected! Speed: 81.3 km/h
2025-04-23 00:10:19,304 - INFO - Speeding vehicle 24 detected! Speed: 86.6 km/h
2025-04-23 00:10:19,406 - INFO - Speeding vehicle 24 detected! Speed: 93.9 km/h
2025-04-23 00:10:19,506 - INFO - Speeding vehicle 24 detected! Speed: 90.3 km/h
2025-04-23 00:10:21,458 - INFO - Speeding vehicle 27 detected! Speed: 91.0 km/h
2025-04-23 00:10:21,683 - INFO - Speeding vehicle 27 detected! Speed: 93.3 km/h
2025-04-23 00:10:21,786 - INFO - Speeding vehicle 27 detected! Speed: 103.0 km/h
2025-04-23 00:10:22,815 - INFO - Speed data and detection results saved successfully
2025-04-23 00:10:22,816 - INFO - Total frames processed: 304
2025-04-23 00:10:22,816 - INFO - Total vehicles detected: 28
2025-04-23 00:10:22,816 - INFO - Speeding vehicles: 4
2025-04-23 00:10:22,816 - INFO - Speeding vehicle IDs: [17, 23, 24, 27]
2025-04-23 00:10:22,855 - INFO - Speed detection completed
2025-04-23 00:12:20,126 - INFO - Speeding vehicle 5 detected! Speed: 80.2 km/h
2025-04-23 00:12:20,246 - INFO - Speeding vehicle 5 detected! Speed: 80.6 km/h
2025-04-23 00:12:20,407 - INFO - Speeding vehicle 5 detected! Speed: 80.9 km/h
2025-04-23 00:12:32,397 - INFO - Speeding vehicle 7 detected! Speed: 81.8 km/h
2025-04-23 00:12:32,663 - INFO - Speeding vehicle 7 detected! Speed: 83.9 km/h
2025-04-23 00:12:32,935 - INFO - Speeding vehicle 7 detected! Speed: 86.0 km/h
2025-04-23 00:12:38,941 - INFO - Speeding vehicle 9 detected! Speed: 80.9 km/h
2025-04-23 00:12:39,190 - INFO - Speeding vehicle 9 detected! Speed: 82.0 km/h
2025-04-23 00:12:39,412 - INFO - Speeding vehicle 9 detected! Speed: 82.7 km/h
2025-04-23 00:12:43,152 - INFO - Speeding vehicle 10 detected! Speed: 80.5 km/h
2025-04-23 00:12:43,440 - INFO - Speeding vehicle 10 detected! Speed: 81.7 km/h
2025-04-23 00:12:43,718 - INFO - Speeding vehicle 10 detected! Speed: 82.6 km/h
2025-04-23 00:12:46,334 - INFO - Speeding vehicle 11 detected! Speed: 80.1 km/h
2025-04-23 00:12:46,626 - INFO - Speeding vehicle 11 detected! Speed: 80.6 km/h
2025-04-23 00:12:46,892 - INFO - Speeding vehicle 11 detected! Speed: 80.9 km/h
2025-04-23 00:12:47,780 - INFO - Speeding vehicle 12 detected! Speed: 80.1 km/h
2025-04-23 00:12:47,914 - INFO - Speeding vehicle 12 detected! Speed: 81.3 km/h
2025-04-23 00:12:48,030 - INFO - Speeding vehicle 12 detected! Speed: 82.4 km/h
2025-04-23 00:12:49,379 - INFO - Speeding vehicle 17 detected! Speed: 83.0 km/h
2025-04-23 00:12:49,605 - INFO - Speeding vehicle 17 detected! Speed: 90.0 km/h
2025-04-23 00:12:49,717 - INFO - Speeding vehicle 17 detected! Speed: 90.0 km/h
2025-04-23 00:12:54,589 - INFO - Speeding vehicle 21 detected! Speed: 86.3 km/h
2025-04-23 00:12:55,146 - INFO - Speeding vehicle 21 detected! Speed: 81.9 km/h
2025-04-23 00:12:55,261 - INFO - Speeding vehicle 21 detected! Speed: 84.9 km/h
2025-04-23 00:12:56,967 - INFO - Speeding vehicle 23 detected! Speed: 80.4 km/h
2025-04-23 00:12:57,073 - INFO - Speeding vehicle 23 detected! Speed: 83.0 km/h
2025-04-23 00:12:57,195 - INFO - Speeding vehicle 23 detected! Speed: 81.3 km/h
2025-04-23 00:12:59,094 - INFO - Speeding vehicle 24 detected! Speed: 86.6 km/h
2025-04-23 00:12:59,215 - INFO - Speeding vehicle 24 detected! Speed: 93.9 km/h
2025-04-23 00:12:59,321 - INFO - Speeding vehicle 24 detected! Speed: 90.3 km/h
2025-04-23 00:13:01,266 - INFO - Speeding vehicle 27 detected! Speed: 91.0 km/h
2025-04-23 00:13:01,487 - INFO - Speeding vehicle 27 detected! Speed: 93.3 km/h
2025-04-23 00:13:01,613 - INFO - Speeding vehicle 27 detected! Speed: 103.0 km/h
2025-04-23 00:13:02,699 - INFO - Speed data and detection results saved successfully
2025-04-23 00:13:02,700 - INFO - Total frames processed: 304
2025-04-23 00:13:02,700 - INFO - Total vehicles detected: 28
2025-04-23 00:13:02,700 - INFO - Speeding vehicles: 4
2025-04-23 00:13:02,700 - INFO - Speeding vehicle IDs: [17, 23, 24, 27]
2025-04-23 00:13:02,731 - INFO - Speed detection completed
2025-04-23 00:16:41,253 - INFO - Speeding vehicle 5 detected! Speed: 80.2 km/h
2025-04-23 00:16:41,357 - INFO - Speeding vehicle 5 detected! Speed: 80.6 km/h
2025-04-23 00:16:41,478 - INFO - Speeding vehicle 5 detected! Speed: 80.9 km/h
2025-04-23 00:16:53,875 - INFO - Speeding vehicle 7 detected! Speed: 81.8 km/h
2025-04-23 00:16:54,193 - INFO - Speeding vehicle 7 detected! Speed: 83.9 km/h
2025-04-23 00:16:54,460 - INFO - Speeding vehicle 7 detected! Speed: 86.0 km/h
2025-04-23 00:16:57,383 - INFO - Speeding vehicle 9 detected! Speed: 80.9 km/h
2025-04-23 00:16:57,510 - INFO - Speeding vehicle 9 detected! Speed: 82.0 km/h
2025-04-23 00:16:57,614 - INFO - Speeding vehicle 9 detected! Speed: 82.7 km/h
2025-04-23 00:16:59,047 - INFO - Speeding vehicle 10 detected! Speed: 80.5 km/h
2025-04-23 00:16:59,155 - INFO - Speeding vehicle 10 detected! Speed: 81.7 km/h
2025-04-23 00:16:59,264 - INFO - Speeding vehicle 10 detected! Speed: 82.6 km/h
2025-04-23 00:17:00,239 - INFO - Speeding vehicle 11 detected! Speed: 80.1 km/h
2025-04-23 00:17:00,336 - INFO - Speeding vehicle 11 detected! Speed: 80.6 km/h
2025-04-23 00:17:00,438 - INFO - Speeding vehicle 11 detected! Speed: 80.9 km/h
2025-04-23 00:17:00,752 - INFO - Speeding vehicle 12 detected! Speed: 80.1 km/h
2025-04-23 00:17:00,861 - INFO - Speeding vehicle 12 detected! Speed: 81.3 km/h
2025-04-23 00:17:00,960 - INFO - Speeding vehicle 12 detected! Speed: 82.4 km/h
2025-04-23 00:17:02,258 - INFO - Speeding vehicle 17 detected! Speed: 83.0 km/h
2025-04-23 00:17:02,477 - INFO - Speeding vehicle 17 detected! Speed: 90.0 km/h
2025-04-23 00:17:02,594 - INFO - Speeding vehicle 17 detected! Speed: 90.0 km/h
2025-04-23 00:17:07,466 - INFO - Speeding vehicle 21 detected! Speed: 86.3 km/h
2025-04-23 00:17:07,987 - INFO - Speeding vehicle 21 detected! Speed: 81.9 km/h
2025-04-23 00:17:08,102 - INFO - Speeding vehicle 21 detected! Speed: 84.9 km/h
2025-04-23 00:17:09,853 - INFO - Speeding vehicle 23 detected! Speed: 80.4 km/h
2025-04-23 00:17:09,972 - INFO - Speeding vehicle 23 detected! Speed: 83.0 km/h
2025-04-23 00:17:10,088 - INFO - Speeding vehicle 23 detected! Speed: 81.3 km/h
2025-04-23 00:17:11,970 - INFO - Speeding vehicle 24 detected! Speed: 86.6 km/h
2025-04-23 00:17:12,082 - INFO - Speeding vehicle 24 detected! Speed: 93.9 km/h
2025-04-23 00:17:12,198 - INFO - Speeding vehicle 24 detected! Speed: 90.3 km/h
2025-04-23 00:17:14,064 - INFO - Speeding vehicle 27 detected! Speed: 91.0 km/h
2025-04-23 00:17:14,299 - INFO - Speeding vehicle 27 detected! Speed: 93.3 km/h
2025-04-23 00:17:14,421 - INFO - Speeding vehicle 27 detected! Speed: 103.0 km/h
2025-04-23 00:17:15,543 - INFO - Speed data and detection results saved successfully
2025-04-23 00:17:15,543 - INFO - Total frames processed: 304
2025-04-23 00:17:15,544 - INFO - Total vehicles detected: 28
2025-04-23 00:17:15,544 - INFO - Speeding vehicles: 4
2025-04-23 00:17:15,544 - INFO - Speeding vehicle IDs: [17, 23, 24, 27]
2025-04-23 00:17:15,581 - INFO - Speed detection completed
2025-04-23 00:19:09,165 - INFO - Speeding vehicle 5 detected! Speed: 80.2 km/h
2025-04-23 00:19:09,279 - INFO - Speeding vehicle 5 detected! Speed: 80.6 km/h
2025-04-23 00:19:09,381 - INFO - Speeding vehicle 5 detected! Speed: 80.9 km/h
2025-04-23 00:19:15,511 - INFO - Speeding vehicle 7 detected! Speed: 81.8 km/h
2025-04-23 00:19:15,617 - INFO - Speeding vehicle 7 detected! Speed: 83.9 km/h
2025-04-23 00:19:15,724 - INFO - Speeding vehicle 7 detected! Speed: 86.0 km/h
2025-04-23 00:19:17,880 - INFO - Speeding vehicle 9 detected! Speed: 80.9 km/h
2025-04-23 00:19:17,994 - INFO - Speeding vehicle 9 detected! Speed: 82.0 km/h
2025-04-23 00:19:18,089 - INFO - Speeding vehicle 9 detected! Speed: 82.7 km/h
2025-04-23 00:19:19,517 - INFO - Speeding vehicle 10 detected! Speed: 80.5 km/h
2025-04-23 00:19:19,635 - INFO - Speeding vehicle 10 detected! Speed: 81.7 km/h
2025-04-23 00:19:19,757 - INFO - Speeding vehicle 10 detected! Speed: 82.6 km/h
2025-04-23 00:19:20,696 - INFO - Speeding vehicle 11 detected! Speed: 80.1 km/h
2025-04-23 00:19:20,806 - INFO - Speeding vehicle 11 detected! Speed: 80.6 km/h
2025-04-23 00:19:20,912 - INFO - Speeding vehicle 11 detected! Speed: 80.9 km/h
2025-04-23 00:19:21,233 - INFO - Speeding vehicle 12 detected! Speed: 80.1 km/h
2025-04-23 00:19:21,340 - INFO - Speeding vehicle 12 detected! Speed: 81.3 km/h
2025-04-23 00:19:21,443 - INFO - Speeding vehicle 12 detected! Speed: 82.4 km/h
2025-04-23 00:19:22,793 - INFO - Speeding vehicle 17 detected! Speed: 83.0 km/h
2025-04-23 00:19:23,025 - INFO - Speeding vehicle 17 detected! Speed: 90.0 km/h
2025-04-23 00:19:23,134 - INFO - Speeding vehicle 17 detected! Speed: 90.0 km/h
2025-04-23 00:19:27,997 - INFO - Speeding vehicle 21 detected! Speed: 86.3 km/h
2025-04-23 00:19:28,513 - INFO - Speeding vehicle 21 detected! Speed: 81.9 km/h
2025-04-23 00:19:28,615 - INFO - Speeding vehicle 21 detected! Speed: 84.9 km/h
2025-04-23 00:19:30,462 - INFO - Speeding vehicle 23 detected! Speed: 80.4 km/h
2025-04-23 00:19:30,571 - INFO - Speeding vehicle 23 detected! Speed: 83.0 km/h
2025-04-23 00:19:30,680 - INFO - Speeding vehicle 23 detected! Speed: 81.3 km/h
2025-04-23 00:19:32,614 - INFO - Speeding vehicle 24 detected! Speed: 86.6 km/h
2025-04-23 00:19:32,718 - INFO - Speeding vehicle 24 detected! Speed: 93.9 km/h
2025-04-23 00:19:32,821 - INFO - Speeding vehicle 24 detected! Speed: 90.3 km/h
2025-04-23 00:19:34,725 - INFO - Speeding vehicle 27 detected! Speed: 91.0 km/h
2025-04-23 00:19:34,966 - INFO - Speeding vehicle 27 detected! Speed: 93.3 km/h
2025-04-23 00:19:35,082 - INFO - Speeding vehicle 27 detected! Speed: 103.0 km/h
2025-04-23 00:19:36,219 - INFO - Speed data and detection results saved successfully
2025-04-23 00:19:36,219 - INFO - Total frames processed: 304
2025-04-23 00:19:36,219 - INFO - Total vehicles detected: 28
2025-04-23 00:19:36,220 - INFO - Speeding vehicles: 4
2025-04-23 00:19:36,220 - INFO - Speeding vehicle IDs: [17, 23, 24, 27]
2025-04-23 00:19:36,263 - INFO - Speed detection completed
2025-04-23 00:27:42,166 - INFO - Speeding vehicle 5 detected! Speed: 80.2 km/h
2025-04-23 00:27:42,273 - INFO - Speeding vehicle 5 detected! Speed: 80.6 km/h
2025-04-23 00:27:42,379 - INFO - Speeding vehicle 5 detected! Speed: 80.9 km/h
2025-04-23 00:27:48,654 - INFO - Speeding vehicle 7 detected! Speed: 81.8 km/h
2025-04-23 00:27:48,760 - INFO - Speeding vehicle 7 detected! Speed: 83.9 km/h
2025-04-23 00:27:48,885 - INFO - Speeding vehicle 7 detected! Speed: 86.0 km/h
2025-04-23 00:27:51,036 - INFO - Speeding vehicle 9 detected! Speed: 80.9 km/h
2025-04-23 00:27:51,140 - INFO - Speeding vehicle 9 detected! Speed: 82.0 km/h
2025-04-23 00:27:51,257 - INFO - Speeding vehicle 9 detected! Speed: 82.7 km/h
2025-04-23 00:27:52,670 - INFO - Speeding vehicle 10 detected! Speed: 80.5 km/h
2025-04-23 00:27:52,792 - INFO - Speeding vehicle 10 detected! Speed: 81.7 km/h
2025-04-23 00:27:52,899 - INFO - Speeding vehicle 10 detected! Speed: 82.6 km/h
2025-04-23 00:27:53,784 - INFO - Speeding vehicle 11 detected! Speed: 80.1 km/h
2025-04-23 00:27:53,906 - INFO - Speeding vehicle 11 detected! Speed: 80.6 km/h
2025-04-23 00:27:54,019 - INFO - Speeding vehicle 11 detected! Speed: 80.9 km/h
2025-04-23 00:27:54,340 - INFO - Speeding vehicle 12 detected! Speed: 80.1 km/h
2025-04-23 00:27:54,438 - INFO - Speeding vehicle 12 detected! Speed: 81.3 km/h
2025-04-23 00:27:54,535 - INFO - Speeding vehicle 12 detected! Speed: 82.4 km/h
2025-04-23 00:27:55,842 - INFO - Speeding vehicle 17 detected! Speed: 83.0 km/h
2025-04-23 00:27:56,054 - INFO - Speeding vehicle 17 detected! Speed: 90.0 km/h
2025-04-23 00:27:56,167 - INFO - Speeding vehicle 17 detected! Speed: 90.0 km/h
2025-04-23 00:28:01,092 - INFO - Speeding vehicle 21 detected! Speed: 86.3 km/h
2025-04-23 00:28:01,615 - INFO - Speeding vehicle 21 detected! Speed: 81.9 km/h
2025-04-23 00:28:01,737 - INFO - Speeding vehicle 21 detected! Speed: 84.9 km/h
2025-04-23 00:28:03,507 - INFO - Speeding vehicle 23 detected! Speed: 80.4 km/h
2025-04-23 00:28:03,618 - INFO - Speeding vehicle 23 detected! Speed: 83.0 km/h
2025-04-23 00:28:03,739 - INFO - Speeding vehicle 23 detected! Speed: 81.3 km/h
2025-04-23 00:28:05,618 - INFO - Speeding vehicle 24 detected! Speed: 86.6 km/h
2025-04-23 00:28:05,726 - INFO - Speeding vehicle 24 detected! Speed: 93.9 km/h
2025-04-23 00:28:05,833 - INFO - Speeding vehicle 24 detected! Speed: 90.3 km/h
2025-04-23 00:28:07,679 - INFO - Speeding vehicle 27 detected! Speed: 91.0 km/h
2025-04-23 00:28:07,901 - INFO - Speeding vehicle 27 detected! Speed: 93.3 km/h
2025-04-23 00:28:08,022 - INFO - Speeding vehicle 27 detected! Speed: 103.0 km/h
2025-04-23 00:28:09,083 - INFO - Speed data and detection results saved successfully
2025-04-23 00:28:09,084 - INFO - Total frames processed: 304
2025-04-23 00:28:09,084 - INFO - Total vehicles detected: 28
2025-04-23 00:28:09,084 - INFO - Speeding vehicles: 4
2025-04-23 00:28:09,084 - INFO - Speeding vehicle IDs: [17, 23, 24, 27]
2025-04-23 00:28:09,117 - INFO - Speed detection completed
2025-04-23 00:32:35,666 - INFO - Speeding vehicle 5 detected! Speed: 80.2 km/h
2025-04-23 00:32:35,771 - INFO - Speeding vehicle 5 detected! Speed: 80.6 km/h
2025-04-23 00:32:35,900 - INFO - Speeding vehicle 5 detected! Speed: 80.9 km/h
2025-04-23 00:32:41,887 - INFO - Speeding vehicle 7 detected! Speed: 81.8 km/h
2025-04-23 00:32:42,011 - INFO - Speeding vehicle 7 detected! Speed: 83.9 km/h
2025-04-23 00:32:42,123 - INFO - Speeding vehicle 7 detected! Speed: 86.0 km/h
2025-04-23 00:32:44,413 - INFO - Speeding vehicle 9 detected! Speed: 80.9 km/h
2025-04-23 00:32:44,530 - INFO - Speeding vehicle 9 detected! Speed: 82.0 km/h
2025-04-23 00:32:44,640 - INFO - Speeding vehicle 9 detected! Speed: 82.7 km/h
2025-04-23 00:32:46,048 - INFO - Speeding vehicle 10 detected! Speed: 80.5 km/h
2025-04-23 00:32:46,159 - INFO - Speeding vehicle 10 detected! Speed: 81.7 km/h
2025-04-23 00:32:46,268 - INFO - Speeding vehicle 10 detected! Speed: 82.6 km/h
2025-04-23 00:32:47,262 - INFO - Speeding vehicle 11 detected! Speed: 80.1 km/h
2025-04-23 00:32:47,389 - INFO - Speeding vehicle 11 detected! Speed: 80.6 km/h
2025-04-23 00:32:47,492 - INFO - Speeding vehicle 11 detected! Speed: 80.9 km/h
2025-04-23 00:32:47,823 - INFO - Speeding vehicle 12 detected! Speed: 80.1 km/h
2025-04-23 00:32:47,936 - INFO - Speeding vehicle 12 detected! Speed: 81.3 km/h
2025-04-23 00:32:48,036 - INFO - Speeding vehicle 12 detected! Speed: 82.4 km/h
2025-04-23 00:32:49,257 - INFO - Speeding vehicle 17 detected! Speed: 83.0 km/h
2025-04-23 00:32:49,479 - INFO - Speeding vehicle 17 detected! Speed: 90.0 km/h
2025-04-23 00:32:49,586 - INFO - Speeding vehicle 17 detected! Speed: 90.0 km/h
2025-04-23 00:32:54,453 - INFO - Speeding vehicle 21 detected! Speed: 86.3 km/h
2025-04-23 00:32:54,987 - INFO - Speeding vehicle 21 detected! Speed: 81.9 km/h
2025-04-23 00:32:55,117 - INFO - Speeding vehicle 21 detected! Speed: 84.9 km/h
2025-04-23 00:32:56,865 - INFO - Speeding vehicle 23 detected! Speed: 80.4 km/h
2025-04-23 00:32:56,964 - INFO - Speeding vehicle 23 detected! Speed: 83.0 km/h
2025-04-23 00:32:57,071 - INFO - Speeding vehicle 23 detected! Speed: 81.3 km/h
2025-04-23 00:32:59,095 - INFO - Speeding vehicle 24 detected! Speed: 86.6 km/h
2025-04-23 00:32:59,216 - INFO - Speeding vehicle 24 detected! Speed: 93.9 km/h
2025-04-23 00:32:59,326 - INFO - Speeding vehicle 24 detected! Speed: 90.3 km/h
2025-04-23 00:33:01,301 - INFO - Speeding vehicle 27 detected! Speed: 91.0 km/h
2025-04-23 00:33:01,504 - INFO - Speeding vehicle 27 detected! Speed: 93.3 km/h
2025-04-23 00:33:01,616 - INFO - Speeding vehicle 27 detected! Speed: 103.0 km/h
2025-04-23 00:33:02,725 - INFO - Speed data and detection results saved successfully
2025-04-23 00:33:02,725 - INFO - Total frames processed: 304
2025-04-23 00:33:02,726 - INFO - Total vehicles detected: 28
2025-04-23 00:33:02,726 - INFO - Speeding vehicles: 4
2025-04-23 00:33:02,726 - INFO - Speeding vehicle IDs: [17, 23, 24, 27]
2025-04-23 00:33:02,774 - INFO - Speed detection completed
2025-04-23 00:36:23,626 - INFO - Speeding vehicle 5 detected! Speed: 80.2 km/h
2025-04-23 00:36:23,741 - INFO - Speeding vehicle 5 detected! Speed: 80.6 km/h
2025-04-23 00:36:23,840 - INFO - Speeding vehicle 5 detected! Speed: 80.9 km/h
2025-04-23 00:36:29,765 - INFO - Speeding vehicle 7 detected! Speed: 81.8 km/h
2025-04-23 00:36:29,876 - INFO - Speeding vehicle 7 detected! Speed: 83.9 km/h
2025-04-23 00:36:29,977 - INFO - Speeding vehicle 7 detected! Speed: 86.0 km/h
2025-04-23 00:36:32,243 - INFO - Speeding vehicle 9 detected! Speed: 80.9 km/h
2025-04-23 00:36:32,346 - INFO - Speeding vehicle 9 detected! Speed: 82.0 km/h
2025-04-23 00:36:32,447 - INFO - Speeding vehicle 9 detected! Speed: 82.7 km/h
2025-04-23 00:36:33,837 - INFO - Speeding vehicle 10 detected! Speed: 80.5 km/h
2025-04-23 00:36:33,959 - INFO - Speeding vehicle 10 detected! Speed: 81.7 km/h
2025-04-23 00:36:34,067 - INFO - Speeding vehicle 10 detected! Speed: 82.6 km/h
2025-04-23 00:36:35,033 - INFO - Speeding vehicle 11 detected! Speed: 80.1 km/h
2025-04-23 00:36:35,146 - INFO - Speeding vehicle 11 detected! Speed: 80.6 km/h
2025-04-23 00:36:35,251 - INFO - Speeding vehicle 11 detected! Speed: 80.9 km/h
2025-04-23 00:36:35,590 - INFO - Speeding vehicle 12 detected! Speed: 80.1 km/h
2025-04-23 00:36:35,691 - INFO - Speeding vehicle 12 detected! Speed: 81.3 km/h
2025-04-23 00:36:35,789 - INFO - Speeding vehicle 12 detected! Speed: 82.4 km/h
2025-04-23 00:36:37,122 - INFO - Speeding vehicle 17 detected! Speed: 83.0 km/h
2025-04-23 00:36:37,335 - INFO - Speeding vehicle 17 detected! Speed: 90.0 km/h
2025-04-23 00:36:37,450 - INFO - Speeding vehicle 17 detected! Speed: 90.0 km/h
2025-04-23 00:36:42,336 - INFO - Speeding vehicle 21 detected! Speed: 86.3 km/h
2025-04-23 00:36:42,870 - INFO - Speeding vehicle 21 detected! Speed: 81.9 km/h
2025-04-23 00:36:42,967 - INFO - Speeding vehicle 21 detected! Speed: 84.9 km/h
2025-04-23 00:36:44,811 - INFO - Speeding vehicle 23 detected! Speed: 80.4 km/h
2025-04-23 00:36:44,922 - INFO - Speeding vehicle 23 detected! Speed: 83.0 km/h
2025-04-23 00:36:45,048 - INFO - Speeding vehicle 23 detected! Speed: 81.3 km/h
2025-04-23 00:36:46,915 - INFO - Speeding vehicle 24 detected! Speed: 86.6 km/h
2025-04-23 00:36:47,023 - INFO - Speeding vehicle 24 detected! Speed: 93.9 km/h
2025-04-23 00:36:47,131 - INFO - Speeding vehicle 24 detected! Speed: 90.3 km/h
2025-04-23 00:36:49,150 - INFO - Speeding vehicle 27 detected! Speed: 91.0 km/h
2025-04-23 00:36:49,398 - INFO - Speeding vehicle 27 detected! Speed: 93.3 km/h
2025-04-23 00:36:49,528 - INFO - Speeding vehicle 27 detected! Speed: 103.0 km/h
2025-04-23 00:36:50,604 - INFO - Speed data and detection results saved successfully
2025-04-23 00:36:50,605 - INFO - Total frames processed: 304
2025-04-23 00:36:50,605 - INFO - Total vehicles detected: 28
2025-04-23 00:36:50,605 - INFO - Speeding vehicles: 4
2025-04-23 00:36:50,606 - INFO - Speeding vehicle IDs: [17, 23, 24, 27]
2025-04-23 00:36:50,646 - INFO - Speed detection completed
2025-04-23 00:40:37,064 - INFO - Speeding vehicle 5 detected! Speed: 80.2 km/h
2025-04-23 00:40:37,173 - INFO - Speeding vehicle 5 detected! Speed: 80.6 km/h
2025-04-23 00:40:37,276 - INFO - Speeding vehicle 5 detected! Speed: 80.9 km/h
2025-04-23 00:40:43,224 - INFO - Speeding vehicle 7 detected! Speed: 81.8 km/h
2025-04-23 00:40:43,359 - INFO - Speeding vehicle 7 detected! Speed: 83.9 km/h
2025-04-23 00:40:43,477 - INFO - Speeding vehicle 7 detected! Speed: 86.0 km/h
2025-04-23 00:40:45,675 - INFO - Speeding vehicle 9 detected! Speed: 80.9 km/h
2025-04-23 00:40:45,798 - INFO - Speeding vehicle 9 detected! Speed: 82.0 km/h
2025-04-23 00:40:45,903 - INFO - Speeding vehicle 9 detected! Speed: 82.7 km/h
2025-04-23 00:40:47,340 - INFO - Speeding vehicle 10 detected! Speed: 80.5 km/h
2025-04-23 00:40:47,444 - INFO - Speeding vehicle 10 detected! Speed: 81.7 km/h
2025-04-23 00:40:47,560 - INFO - Speeding vehicle 10 detected! Speed: 82.6 km/h
2025-04-23 00:40:48,592 - INFO - Speeding vehicle 11 detected! Speed: 80.1 km/h
2025-04-23 00:40:48,714 - INFO - Speeding vehicle 11 detected! Speed: 80.6 km/h
2025-04-23 00:40:48,826 - INFO - Speeding vehicle 11 detected! Speed: 80.9 km/h
2025-04-23 00:40:49,152 - INFO - Speeding vehicle 12 detected! Speed: 80.1 km/h
2025-04-23 00:40:49,266 - INFO - Speeding vehicle 12 detected! Speed: 81.3 km/h
2025-04-23 00:40:49,378 - INFO - Speeding vehicle 12 detected! Speed: 82.4 km/h
2025-04-23 00:40:50,732 - INFO - Speeding vehicle 17 detected! Speed: 83.0 km/h
2025-04-23 00:40:50,939 - INFO - Speeding vehicle 17 detected! Speed: 90.0 km/h
2025-04-23 00:40:51,045 - INFO - Speeding vehicle 17 detected! Speed: 90.0 km/h
2025-04-23 00:40:55,928 - INFO - Speeding vehicle 21 detected! Speed: 86.3 km/h
2025-04-23 00:40:56,457 - INFO - Speeding vehicle 21 detected! Speed: 81.9 km/h
2025-04-23 00:40:56,588 - INFO - Speeding vehicle 21 detected! Speed: 84.9 km/h
2025-04-23 00:40:58,359 - INFO - Speeding vehicle 23 detected! Speed: 80.4 km/h
2025-04-23 00:40:58,456 - INFO - Speeding vehicle 23 detected! Speed: 83.0 km/h
2025-04-23 00:40:58,574 - INFO - Speeding vehicle 23 detected! Speed: 81.3 km/h
2025-04-23 00:41:00,473 - INFO - Speeding vehicle 24 detected! Speed: 86.6 km/h
2025-04-23 00:41:00,594 - INFO - Speeding vehicle 24 detected! Speed: 93.9 km/h
2025-04-23 00:41:00,711 - INFO - Speeding vehicle 24 detected! Speed: 90.3 km/h
2025-04-23 00:41:02,611 - INFO - Speeding vehicle 27 detected! Speed: 91.0 km/h
2025-04-23 00:41:02,826 - INFO - Speeding vehicle 27 detected! Speed: 93.3 km/h
2025-04-23 00:41:02,935 - INFO - Speeding vehicle 27 detected! Speed: 103.0 km/h
2025-04-23 00:41:04,027 - INFO - Speed data and detection results saved successfully
2025-04-23 00:41:04,027 - INFO - Total frames processed: 304
2025-04-23 00:41:04,027 - INFO - Total vehicles detected: 28
2025-04-23 00:41:04,027 - INFO - Speeding vehicles: 4
2025-04-23 00:41:04,028 - INFO - Speeding vehicle IDs: [17, 23, 24, 27]
2025-04-23 00:41:04,069 - INFO - Speed detection completed
2025-04-23 00:45:28,278 - INFO - Speeding vehicle 5 detected! Speed: 80.2 km/h
2025-04-23 00:45:28,384 - INFO - Speeding vehicle 5 detected! Speed: 80.6 km/h
2025-04-23 00:45:28,484 - INFO - Speeding vehicle 5 detected! Speed: 80.9 km/h
2025-04-23 00:45:34,458 - INFO - Speeding vehicle 7 detected! Speed: 81.8 km/h
2025-04-23 00:45:34,567 - INFO - Speeding vehicle 7 detected! Speed: 83.9 km/h
2025-04-23 00:45:34,664 - INFO - Speeding vehicle 7 detected! Speed: 86.0 km/h
2025-04-23 00:45:36,879 - INFO - Speeding vehicle 9 detected! Speed: 80.9 km/h
2025-04-23 00:45:36,981 - INFO - Speeding vehicle 9 detected! Speed: 82.0 km/h
2025-04-23 00:45:37,080 - INFO - Speeding vehicle 9 detected! Speed: 82.7 km/h
2025-04-23 00:45:38,415 - INFO - Speeding vehicle 10 detected! Speed: 80.5 km/h
2025-04-23 00:45:38,525 - INFO - Speeding vehicle 10 detected! Speed: 81.7 km/h
2025-04-23 00:45:38,628 - INFO - Speeding vehicle 10 detected! Speed: 82.6 km/h
2025-04-23 00:45:39,602 - INFO - Speeding vehicle 11 detected! Speed: 80.1 km/h
2025-04-23 00:45:39,704 - INFO - Speeding vehicle 11 detected! Speed: 80.6 km/h
2025-04-23 00:45:39,809 - INFO - Speeding vehicle 11 detected! Speed: 80.9 km/h
2025-04-23 00:45:40,142 - INFO - Speeding vehicle 12 detected! Speed: 80.1 km/h
2025-04-23 00:45:40,252 - INFO - Speeding vehicle 12 detected! Speed: 81.3 km/h
2025-04-23 00:45:40,374 - INFO - Speeding vehicle 12 detected! Speed: 82.4 km/h
2025-04-23 00:45:41,695 - INFO - Speeding vehicle 17 detected! Speed: 83.0 km/h
2025-04-23 00:45:41,917 - INFO - Speeding vehicle 17 detected! Speed: 90.0 km/h
2025-04-23 00:45:42,030 - INFO - Speeding vehicle 17 detected! Speed: 90.0 km/h
2025-04-23 00:45:46,958 - INFO - Speeding vehicle 21 detected! Speed: 86.3 km/h
2025-04-23 00:45:47,476 - INFO - Speeding vehicle 21 detected! Speed: 81.9 km/h
2025-04-23 00:45:47,592 - INFO - Speeding vehicle 21 detected! Speed: 84.9 km/h
2025-04-23 00:45:49,377 - INFO - Speeding vehicle 23 detected! Speed: 80.4 km/h
2025-04-23 00:45:49,504 - INFO - Speeding vehicle 23 detected! Speed: 83.0 km/h
2025-04-23 00:45:49,626 - INFO - Speeding vehicle 23 detected! Speed: 81.3 km/h
2025-04-23 00:45:51,460 - INFO - Speeding vehicle 24 detected! Speed: 86.6 km/h
2025-04-23 00:45:51,562 - INFO - Speeding vehicle 24 detected! Speed: 93.9 km/h
2025-04-23 00:45:51,665 - INFO - Speeding vehicle 24 detected! Speed: 90.3 km/h
2025-04-23 00:45:53,492 - INFO - Speeding vehicle 27 detected! Speed: 91.0 km/h
2025-04-23 00:45:53,711 - INFO - Speeding vehicle 27 detected! Speed: 93.3 km/h
2025-04-23 00:45:53,823 - INFO - Speeding vehicle 27 detected! Speed: 103.0 km/h
2025-04-23 00:45:54,869 - INFO - Speed data and detection results saved successfully
2025-04-23 00:45:54,869 - INFO - Total frames processed: 304
2025-04-23 00:45:54,870 - INFO - Total vehicles detected: 28
2025-04-23 00:45:54,870 - INFO - Speeding vehicles: 4
2025-04-23 00:45:54,870 - INFO - Speeding vehicle IDs: [17, 23, 24, 27]
2025-04-23 00:45:54,903 - INFO - Speed detection completed
2025-04-23 00:49:32,096 - INFO - Speeding vehicle 5 detected! Speed: 80.2 km/h
2025-04-23 00:49:32,333 - INFO - Speeding vehicle 5 detected! Speed: 80.6 km/h
2025-04-23 00:49:32,549 - INFO - Speeding vehicle 5 detected! Speed: 80.9 km/h
2025-04-23 00:49:43,811 - INFO - Speeding vehicle 7 detected! Speed: 81.8 km/h
2025-04-23 00:49:44,026 - INFO - Speeding vehicle 7 detected! Speed: 83.9 km/h
2025-04-23 00:49:44,224 - INFO - Speeding vehicle 7 detected! Speed: 86.0 km/h
2025-04-23 00:49:48,231 - INFO - Speeding vehicle 9 detected! Speed: 80.9 km/h
2025-04-23 00:49:48,446 - INFO - Speeding vehicle 9 detected! Speed: 82.0 km/h
2025-04-23 00:49:48,632 - INFO - Speeding vehicle 9 detected! Speed: 82.7 km/h
2025-04-23 00:49:51,130 - INFO - Speeding vehicle 10 detected! Speed: 80.5 km/h
2025-04-23 00:49:51,330 - INFO - Speeding vehicle 10 detected! Speed: 81.7 km/h
2025-04-23 00:49:51,553 - INFO - Speeding vehicle 10 detected! Speed: 82.6 km/h
2025-04-23 00:49:53,219 - INFO - Speeding vehicle 11 detected! Speed: 80.1 km/h
2025-04-23 00:49:53,420 - INFO - Speeding vehicle 11 detected! Speed: 80.6 km/h
2025-04-23 00:49:53,616 - INFO - Speeding vehicle 11 detected! Speed: 80.9 km/h
2025-04-23 00:49:54,213 - INFO - Speeding vehicle 12 detected! Speed: 80.1 km/h
2025-04-23 00:49:54,422 - INFO - Speeding vehicle 12 detected! Speed: 81.3 km/h
2025-04-23 00:49:54,616 - INFO - Speeding vehicle 12 detected! Speed: 82.4 km/h
2025-04-23 00:49:56,973 - INFO - Speeding vehicle 17 detected! Speed: 83.0 km/h
2025-04-23 00:49:57,366 - INFO - Speeding vehicle 17 detected! Speed: 90.0 km/h
2025-04-23 00:49:57,571 - INFO - Speeding vehicle 17 detected! Speed: 90.0 km/h
2025-04-23 00:50:06,490 - INFO - Speeding vehicle 21 detected! Speed: 86.3 km/h
2025-04-23 00:50:07,443 - INFO - Speeding vehicle 21 detected! Speed: 81.9 km/h
2025-04-23 00:50:07,663 - INFO - Speeding vehicle 21 detected! Speed: 84.9 km/h
2025-04-23 00:50:11,013 - INFO - Speeding vehicle 23 detected! Speed: 80.4 km/h
2025-04-23 00:50:11,233 - INFO - Speeding vehicle 23 detected! Speed: 83.0 km/h
2025-04-23 00:50:11,432 - INFO - Speeding vehicle 23 detected! Speed: 81.3 km/h
2025-04-23 00:50:14,890 - INFO - Speeding vehicle 24 detected! Speed: 86.6 km/h
2025-04-23 00:50:15,123 - INFO - Speeding vehicle 24 detected! Speed: 93.9 km/h
2025-04-23 00:50:15,317 - INFO - Speeding vehicle 24 detected! Speed: 90.3 km/h
2025-04-23 00:50:18,667 - INFO - Speeding vehicle 27 detected! Speed: 91.0 km/h
2025-04-23 00:50:19,060 - INFO - Speeding vehicle 27 detected! Speed: 93.3 km/h
2025-04-23 00:50:19,291 - INFO - Speeding vehicle 27 detected! Speed: 103.0 km/h
2025-04-23 00:50:21,199 - INFO - Speed data and detection results saved successfully
2025-04-23 00:50:21,200 - INFO - Total frames processed: 304
2025-04-23 00:50:21,200 - INFO - Total vehicles detected: 28
2025-04-23 00:50:21,200 - INFO - Speeding vehicles: 4
2025-04-23 00:50:21,200 - INFO - Speeding vehicle IDs: [17, 23, 24, 27]
2025-04-23 00:50:21,266 - INFO - Speed detection completed
2025-04-23 00:54:05,286 - INFO - Speeding vehicle 5 detected! Speed: 80.2 km/h
2025-04-23 00:54:05,532 - INFO - Speeding vehicle 5 detected! Speed: 80.6 km/h
2025-04-23 00:54:05,748 - INFO - Speeding vehicle 5 detected! Speed: 80.9 km/h
2025-04-23 00:54:16,463 - INFO - Speeding vehicle 7 detected! Speed: 81.8 km/h
2025-04-23 00:54:16,657 - INFO - Speeding vehicle 7 detected! Speed: 83.9 km/h
2025-04-23 00:54:16,892 - INFO - Speeding vehicle 7 detected! Speed: 86.0 km/h
2025-04-23 00:54:20,944 - INFO - Speeding vehicle 9 detected! Speed: 80.9 km/h
2025-04-23 00:54:21,153 - INFO - Speeding vehicle 9 detected! Speed: 82.0 km/h
2025-04-23 00:54:21,348 - INFO - Speeding vehicle 9 detected! Speed: 82.7 km/h
2025-04-23 00:54:23,752 - INFO - Speeding vehicle 10 detected! Speed: 80.5 km/h
2025-04-23 00:54:23,950 - INFO - Speeding vehicle 10 detected! Speed: 81.7 km/h
2025-04-23 00:54:24,166 - INFO - Speeding vehicle 10 detected! Speed: 82.6 km/h
2025-04-23 00:54:25,905 - INFO - Speeding vehicle 11 detected! Speed: 80.1 km/h
2025-04-23 00:54:26,100 - INFO - Speeding vehicle 11 detected! Speed: 80.6 km/h
2025-04-23 00:54:26,324 - INFO - Speeding vehicle 11 detected! Speed: 80.9 km/h
2025-04-23 00:54:26,905 - INFO - Speeding vehicle 12 detected! Speed: 80.1 km/h
2025-04-23 00:54:27,122 - INFO - Speeding vehicle 12 detected! Speed: 81.3 km/h
2025-04-23 00:54:27,332 - INFO - Speeding vehicle 12 detected! Speed: 82.4 km/h
2025-04-23 00:54:29,676 - INFO - Speeding vehicle 17 detected! Speed: 83.0 km/h
2025-04-23 00:54:30,097 - INFO - Speeding vehicle 17 detected! Speed: 90.0 km/h
2025-04-23 00:54:30,288 - INFO - Speeding vehicle 17 detected! Speed: 90.0 km/h
2025-04-23 00:54:39,059 - INFO - Speeding vehicle 21 detected! Speed: 86.3 km/h
2025-04-23 00:54:40,067 - INFO - Speeding vehicle 21 detected! Speed: 81.9 km/h
2025-04-23 00:54:40,287 - INFO - Speeding vehicle 21 detected! Speed: 84.9 km/h
2025-04-23 00:54:43,576 - INFO - Speeding vehicle 23 detected! Speed: 80.4 km/h
2025-04-23 00:54:43,801 - INFO - Speeding vehicle 23 detected! Speed: 83.0 km/h
2025-04-23 00:54:44,012 - INFO - Speeding vehicle 23 detected! Speed: 81.3 km/h
2025-04-23 00:54:47,417 - INFO - Speeding vehicle 24 detected! Speed: 86.6 km/h
2025-04-23 00:54:47,646 - INFO - Speeding vehicle 24 detected! Speed: 93.9 km/h
2025-04-23 00:54:47,845 - INFO - Speeding vehicle 24 detected! Speed: 90.3 km/h
2025-04-23 00:54:51,288 - INFO - Speeding vehicle 27 detected! Speed: 91.0 km/h
2025-04-23 00:54:51,661 - INFO - Speeding vehicle 27 detected! Speed: 93.3 km/h
2025-04-23 00:54:51,849 - INFO - Speeding vehicle 27 detected! Speed: 103.0 km/h
2025-04-23 00:54:53,822 - INFO - Speed data and detection results saved successfully
2025-04-23 00:54:53,823 - INFO - Total frames processed: 304
2025-04-23 00:54:53,823 - INFO - Total vehicles detected: 28
2025-04-23 00:54:53,824 - INFO - Speeding vehicles: 4
2025-04-23 00:54:53,824 - INFO - Speeding vehicle IDs: [17, 23, 24, 27]
2025-04-23 00:54:53,892 - INFO - Speed detection completed
2025-04-23 11:23:31,392 - INFO - Speeding vehicle 5 detected! Speed: 80.2 km/h
2025-04-23 11:23:31,681 - INFO - Speeding vehicle 5 detected! Speed: 80.6 km/h
2025-04-23 11:23:31,980 - INFO - Speeding vehicle 5 detected! Speed: 80.9 km/h
2025-04-23 11:23:47,866 - INFO - Speeding vehicle 7 detected! Speed: 81.8 km/h
2025-04-23 11:23:48,184 - INFO - Speeding vehicle 7 detected! Speed: 83.9 km/h
2025-04-23 11:23:48,497 - INFO - Speeding vehicle 7 detected! Speed: 86.0 km/h
2025-04-23 11:23:54,437 - INFO - Speeding vehicle 9 detected! Speed: 80.9 km/h
2025-04-23 11:23:54,723 - INFO - Speeding vehicle 9 detected! Speed: 82.0 km/h
2025-04-23 11:23:55,020 - INFO - Speeding vehicle 9 detected! Speed: 82.7 km/h
2025-04-23 11:23:58,521 - INFO - Speeding vehicle 10 detected! Speed: 80.5 km/h
2025-04-23 11:23:58,787 - INFO - Speeding vehicle 10 detected! Speed: 81.7 km/h
2025-04-23 11:23:59,087 - INFO - Speeding vehicle 10 detected! Speed: 82.6 km/h
2025-04-23 11:24:01,511 - INFO - Speeding vehicle 11 detected! Speed: 80.1 km/h
2025-04-23 11:24:01,797 - INFO - Speeding vehicle 11 detected! Speed: 80.6 km/h
2025-04-23 11:24:02,086 - INFO - Speeding vehicle 11 detected! Speed: 80.9 km/h
2025-04-23 11:24:02,968 - INFO - Speeding vehicle 12 detected! Speed: 80.1 km/h
2025-04-23 11:24:03,226 - INFO - Speeding vehicle 12 detected! Speed: 81.3 km/h
2025-04-23 11:24:03,528 - INFO - Speeding vehicle 12 detected! Speed: 82.4 km/h
2025-04-23 11:24:06,662 - INFO - Speeding vehicle 17 detected! Speed: 83.0 km/h
2025-04-23 11:24:07,199 - INFO - Speeding vehicle 17 detected! Speed: 90.0 km/h
2025-04-23 11:24:07,470 - INFO - Speeding vehicle 17 detected! Speed: 90.0 km/h
2025-04-23 11:24:18,774 - INFO - Speeding vehicle 21 detected! Speed: 86.3 km/h
2025-04-23 11:24:20,038 - INFO - Speeding vehicle 21 detected! Speed: 81.9 km/h
2025-04-23 11:24:20,284 - INFO - Speeding vehicle 21 detected! Speed: 84.9 km/h
2025-04-23 11:24:23,949 - INFO - Speeding vehicle 23 detected! Speed: 80.4 km/h
2025-04-23 11:24:24,146 - INFO - Speeding vehicle 23 detected! Speed: 83.0 km/h
2025-04-23 11:24:24,340 - INFO - Speeding vehicle 23 detected! Speed: 81.3 km/h
2025-04-23 11:24:27,773 - INFO - Speeding vehicle 24 detected! Speed: 86.6 km/h
2025-04-23 11:24:27,987 - INFO - Speeding vehicle 24 detected! Speed: 93.9 km/h
2025-04-23 11:24:28,199 - INFO - Speeding vehicle 24 detected! Speed: 90.3 km/h
2025-04-23 11:24:31,699 - INFO - Speeding vehicle 27 detected! Speed: 91.0 km/h
2025-04-23 11:24:32,098 - INFO - Speeding vehicle 27 detected! Speed: 93.3 km/h
2025-04-23 11:24:32,300 - INFO - Speeding vehicle 27 detected! Speed: 103.0 km/h
2025-04-23 11:24:34,692 - INFO - Speed data and detection results saved successfully
2025-04-23 11:24:34,693 - INFO - Total frames processed: 304
2025-04-23 11:24:34,694 - INFO - Total vehicles detected: 28
2025-04-23 11:24:34,694 - INFO - Speeding vehicles: 4
2025-04-23 11:24:34,695 - INFO - Speeding vehicle IDs: [17, 23, 24, 27]
2025-04-23 11:24:34,783 - INFO - Speed detection completed
2025-04-23 12:58:57,313 - INFO - Speed data and detection results saved successfully
2025-04-23 12:58:57,315 - INFO - Total frames processed: 1
2025-04-23 12:58:57,315 - INFO - Total vehicles detected: 0
2025-04-23 12:58:57,316 - INFO - Speeding vehicles: 0
2025-04-23 12:58:57,316 - INFO - Speeding vehicle IDs: []
2025-04-23 12:58:57,335 - INFO - Speed detection completed
2025-04-23 12:59:12,129 - INFO - Speeding vehicle 5 detected! Speed: 80.2 km/h
2025-04-23 12:59:12,221 - INFO - Speeding vehicle 5 detected! Speed: 80.6 km/h
2025-04-23 12:59:12,332 - INFO - Speeding vehicle 5 detected! Speed: 80.9 km/h
2025-04-23 12:59:18,108 - INFO - Speeding vehicle 7 detected! Speed: 81.8 km/h
2025-04-23 12:59:18,219 - INFO - Speeding vehicle 7 detected! Speed: 83.9 km/h
2025-04-23 12:59:18,335 - INFO - Speeding vehicle 7 detected! Speed: 86.0 km/h
2025-04-23 12:59:20,586 - INFO - Speeding vehicle 9 detected! Speed: 80.9 km/h
2025-04-23 12:59:20,694 - INFO - Speeding vehicle 9 detected! Speed: 82.0 km/h
2025-04-23 12:59:20,809 - INFO - Speeding vehicle 9 detected! Speed: 82.7 km/h
2025-04-23 12:59:22,171 - INFO - Speeding vehicle 10 detected! Speed: 80.5 km/h
2025-04-23 12:59:22,276 - INFO - Speeding vehicle 10 detected! Speed: 81.7 km/h
2025-04-23 12:59:22,386 - INFO - Speeding vehicle 10 detected! Speed: 82.6 km/h
2025-04-23 12:59:23,323 - INFO - Speeding vehicle 11 detected! Speed: 80.1 km/h
2025-04-23 12:59:23,433 - INFO - Speeding vehicle 11 detected! Speed: 80.6 km/h
2025-04-23 12:59:23,560 - INFO - Speeding vehicle 11 detected! Speed: 80.9 km/h
2025-04-23 12:59:23,893 - INFO - Speeding vehicle 12 detected! Speed: 80.1 km/h
2025-04-23 12:59:23,999 - INFO - Speeding vehicle 12 detected! Speed: 81.3 km/h
2025-04-23 12:59:24,103 - INFO - Speeding vehicle 12 detected! Speed: 82.4 km/h
2025-04-23 12:59:25,371 - INFO - Speeding vehicle 17 detected! Speed: 83.0 km/h
2025-04-23 12:59:25,584 - INFO - Speeding vehicle 17 detected! Speed: 90.0 km/h
2025-04-23 12:59:25,689 - INFO - Speeding vehicle 17 detected! Speed: 90.0 km/h
2025-04-23 12:59:30,510 - INFO - Speeding vehicle 21 detected! Speed: 86.3 km/h
2025-04-23 12:59:31,033 - INFO - Speeding vehicle 21 detected! Speed: 81.9 km/h
2025-04-23 12:59:31,152 - INFO - Speeding vehicle 21 detected! Speed: 84.9 km/h
2025-04-23 12:59:32,889 - INFO - Speeding vehicle 23 detected! Speed: 80.4 km/h
2025-04-23 12:59:33,002 - INFO - Speeding vehicle 23 detected! Speed: 83.0 km/h
2025-04-23 12:59:33,108 - INFO - Speeding vehicle 23 detected! Speed: 81.3 km/h
2025-04-23 12:59:35,015 - INFO - Speeding vehicle 24 detected! Speed: 86.6 km/h
2025-04-23 12:59:35,128 - INFO - Speeding vehicle 24 detected! Speed: 93.9 km/h
2025-04-23 12:59:35,251 - INFO - Speeding vehicle 24 detected! Speed: 90.3 km/h
2025-04-23 12:59:37,229 - INFO - Speeding vehicle 27 detected! Speed: 91.0 km/h
2025-04-23 12:59:37,459 - INFO - Speeding vehicle 27 detected! Speed: 93.3 km/h
2025-04-23 12:59:37,570 - INFO - Speeding vehicle 27 detected! Speed: 103.0 km/h
2025-04-23 12:59:38,588 - INFO - Speed data and detection results saved successfully
2025-04-23 12:59:38,588 - INFO - Total frames processed: 304
2025-04-23 12:59:38,588 - INFO - Total vehicles detected: 28
2025-04-23 12:59:38,588 - INFO - Speeding vehicles: 4
2025-04-23 12:59:38,588 - INFO - Speeding vehicle IDs: [17, 23, 24, 27]
2025-04-23 12:59:38,631 - INFO - Speed detection completed
2025-04-23 13:43:11,010 - INFO - Speeding vehicle 5 detected! Speed: 80.2 km/h
2025-04-23 13:43:11,124 - INFO - Speeding vehicle 5 detected! Speed: 80.6 km/h
2025-04-23 13:43:11,224 - INFO - Speeding vehicle 5 detected! Speed: 80.9 km/h
2025-04-23 13:43:17,146 - INFO - Speeding vehicle 7 detected! Speed: 81.8 km/h
2025-04-23 13:43:17,242 - INFO - Speeding vehicle 7 detected! Speed: 83.9 km/h
2025-04-23 13:43:17,341 - INFO - Speeding vehicle 7 detected! Speed: 86.0 km/h
2025-04-23 13:43:19,493 - INFO - Speeding vehicle 9 detected! Speed: 80.9 km/h
2025-04-23 13:43:19,593 - INFO - Speeding vehicle 9 detected! Speed: 82.0 km/h
2025-04-23 13:43:19,691 - INFO - Speeding vehicle 9 detected! Speed: 82.7 km/h
2025-04-23 13:43:20,996 - INFO - Speeding vehicle 10 detected! Speed: 80.5 km/h
2025-04-23 13:43:21,120 - INFO - Speeding vehicle 10 detected! Speed: 81.7 km/h
2025-04-23 13:43:21,225 - INFO - Speeding vehicle 10 detected! Speed: 82.6 km/h
2025-04-23 13:43:22,118 - INFO - Speeding vehicle 11 detected! Speed: 80.1 km/h
2025-04-23 13:43:22,228 - INFO - Speeding vehicle 11 detected! Speed: 80.6 km/h
2025-04-23 13:43:22,329 - INFO - Speeding vehicle 11 detected! Speed: 80.9 km/h
2025-04-23 13:43:22,629 - INFO - Speeding vehicle 12 detected! Speed: 80.1 km/h
2025-04-23 13:43:22,729 - INFO - Speeding vehicle 12 detected! Speed: 81.3 km/h
2025-04-23 13:43:22,819 - INFO - Speeding vehicle 12 detected! Speed: 82.4 km/h
2025-04-23 13:43:24,065 - INFO - Speeding vehicle 17 detected! Speed: 83.0 km/h
2025-04-23 13:43:24,284 - INFO - Speeding vehicle 17 detected! Speed: 90.0 km/h
2025-04-23 13:43:24,389 - INFO - Speeding vehicle 17 detected! Speed: 90.0 km/h
2025-04-23 13:43:29,208 - INFO - Speeding vehicle 21 detected! Speed: 86.3 km/h
2025-04-23 13:43:29,741 - INFO - Speeding vehicle 21 detected! Speed: 81.9 km/h
2025-04-23 13:43:29,859 - INFO - Speeding vehicle 21 detected! Speed: 84.9 km/h
2025-04-23 13:43:31,632 - INFO - Speeding vehicle 23 detected! Speed: 80.4 km/h
2025-04-23 13:43:31,732 - INFO - Speeding vehicle 23 detected! Speed: 83.0 km/h
2025-04-23 13:43:31,842 - INFO - Speeding vehicle 23 detected! Speed: 81.3 km/h
2025-04-23 13:43:33,686 - INFO - Speeding vehicle 24 detected! Speed: 86.6 km/h
2025-04-23 13:43:33,786 - INFO - Speeding vehicle 24 detected! Speed: 93.9 km/h
2025-04-23 13:43:33,895 - INFO - Speeding vehicle 24 detected! Speed: 90.3 km/h
2025-04-23 13:43:35,786 - INFO - Speeding vehicle 27 detected! Speed: 91.0 km/h
2025-04-23 13:43:35,998 - INFO - Speeding vehicle 27 detected! Speed: 93.3 km/h
2025-04-23 13:43:36,101 - INFO - Speeding vehicle 27 detected! Speed: 103.0 km/h
2025-04-23 13:43:37,134 - INFO - Speed data and detection results saved successfully
2025-04-23 13:43:37,134 - INFO - Total frames processed: 304
2025-04-23 13:43:37,134 - INFO - Total vehicles detected: 28
2025-04-23 13:43:37,134 - INFO - Speeding vehicles: 4
2025-04-23 13:43:37,134 - INFO - Speeding vehicle IDs: [17, 23, 24, 27]
2025-04-23 13:43:37,173 - INFO - Speed detection completed
2025-04-23 13:45:12,805 - INFO - Speeding vehicle 5 detected! Speed: 80.2 km/h
2025-04-23 13:45:12,906 - INFO - Speeding vehicle 5 detected! Speed: 80.6 km/h
2025-04-23 13:45:13,015 - INFO - Speeding vehicle 5 detected! Speed: 80.9 km/h
2025-04-23 13:45:18,793 - INFO - Speeding vehicle 7 detected! Speed: 81.8 km/h
2025-04-23 13:45:18,895 - INFO - Speeding vehicle 7 detected! Speed: 83.9 km/h
2025-04-23 13:45:18,999 - INFO - Speeding vehicle 7 detected! Speed: 86.0 km/h
2025-04-23 13:45:21,294 - INFO - Speeding vehicle 9 detected! Speed: 80.9 km/h
2025-04-23 13:45:21,406 - INFO - Speeding vehicle 9 detected! Speed: 82.0 km/h
2025-04-23 13:45:21,519 - INFO - Speeding vehicle 9 detected! Speed: 82.7 km/h
2025-04-23 13:45:22,817 - INFO - Speeding vehicle 10 detected! Speed: 80.5 km/h
2025-04-23 13:45:22,919 - INFO - Speeding vehicle 10 detected! Speed: 81.7 km/h
2025-04-23 13:45:23,024 - INFO - Speeding vehicle 10 detected! Speed: 82.6 km/h
2025-04-23 13:45:23,985 - INFO - Speeding vehicle 11 detected! Speed: 80.1 km/h
2025-04-23 13:45:24,112 - INFO - Speeding vehicle 11 detected! Speed: 80.6 km/h
2025-04-23 13:45:24,225 - INFO - Speeding vehicle 11 detected! Speed: 80.9 km/h
2025-04-23 13:45:24,531 - INFO - Speeding vehicle 12 detected! Speed: 80.1 km/h
2025-04-23 13:45:24,636 - INFO - Speeding vehicle 12 detected! Speed: 81.3 km/h
2025-04-23 13:45:24,737 - INFO - Speeding vehicle 12 detected! Speed: 82.4 km/h
2025-04-23 13:45:25,991 - INFO - Speeding vehicle 17 detected! Speed: 83.0 km/h
2025-04-23 13:45:26,209 - INFO - Speeding vehicle 17 detected! Speed: 90.0 km/h
2025-04-23 13:45:26,311 - INFO - Speeding vehicle 17 detected! Speed: 90.0 km/h
2025-04-23 13:45:31,209 - INFO - Speeding vehicle 21 detected! Speed: 86.3 km/h
2025-04-23 13:45:31,776 - INFO - Speeding vehicle 21 detected! Speed: 81.9 km/h
2025-04-23 13:45:31,895 - INFO - Speeding vehicle 21 detected! Speed: 84.9 km/h
2025-04-23 13:45:33,682 - INFO - Speeding vehicle 23 detected! Speed: 80.4 km/h
2025-04-23 13:45:33,792 - INFO - Speeding vehicle 23 detected! Speed: 83.0 km/h
2025-04-23 13:45:33,907 - INFO - Speeding vehicle 23 detected! Speed: 81.3 km/h
2025-04-23 13:45:35,770 - INFO - Speeding vehicle 24 detected! Speed: 86.6 km/h
2025-04-23 13:45:35,886 - INFO - Speeding vehicle 24 detected! Speed: 93.9 km/h
2025-04-23 13:45:35,992 - INFO - Speeding vehicle 24 detected! Speed: 90.3 km/h
2025-04-23 13:45:37,905 - INFO - Speeding vehicle 27 detected! Speed: 91.0 km/h
2025-04-23 13:45:38,119 - INFO - Speeding vehicle 27 detected! Speed: 93.3 km/h
2025-04-23 13:45:38,219 - INFO - Speeding vehicle 27 detected! Speed: 103.0 km/h
2025-04-23 13:45:39,294 - INFO - Speed data and detection results saved successfully
2025-04-23 13:45:39,294 - INFO - Total frames processed: 304
2025-04-23 13:45:39,295 - INFO - Total vehicles detected: 28
2025-04-23 13:45:39,295 - INFO - Speeding vehicles: 4
2025-04-23 13:45:39,295 - INFO - Speeding vehicle IDs: [17, 23, 24, 27]
2025-04-23 13:45:39,324 - INFO - Speed detection completed
2025-04-25 09:44:17,184 - INFO - Speeding vehicle 4 detected! Speed: 96.2 km/h
2025-04-25 09:44:17,320 - INFO - Speeding vehicle 4 detected! Speed: 80.7 km/h
2025-04-25 09:44:17,698 - INFO - Speeding vehicle 4 detected! Speed: 96.2 km/h
2025-04-25 09:44:29,165 - INFO - Speeding vehicle 8 detected! Speed: 81.6 km/h
2025-04-25 09:44:29,324 - INFO - Speeding vehicle 8 detected! Speed: 83.4 km/h
2025-04-25 09:44:29,442 - INFO - Speeding vehicle 8 detected! Speed: 85.7 km/h
2025-04-25 09:44:33,273 - INFO - Speeding vehicle 24 detected! Speed: 80.4 km/h
2025-04-25 09:44:33,392 - INFO - Speeding vehicle 24 detected! Speed: 81.6 km/h
2025-04-25 09:44:33,517 - INFO - Speeding vehicle 24 detected! Speed: 82.3 km/h
2025-04-25 09:44:38,999 - INFO - Speeding vehicle 15 detected! Speed: 81.9 km/h
2025-04-25 09:44:39,119 - INFO - Speeding vehicle 15 detected! Speed: 84.4 km/h
2025-04-25 09:44:39,234 - INFO - Speeding vehicle 15 detected! Speed: 86.8 km/h
2025-04-25 09:44:40,700 - INFO - Speeding vehicle 49 detected! Speed: 187.1 km/h
2025-04-25 09:44:40,835 - INFO - Speeding vehicle 49 detected! Speed: 172.3 km/h
2025-04-25 09:44:40,981 - INFO - Speeding vehicle 49 detected! Speed: 157.4 km/h
2025-04-25 09:44:50,997 - INFO - Speeding vehicle 74 detected! Speed: 136.4 km/h
2025-04-25 09:44:51,119 - INFO - Speeding vehicle 74 detected! Speed: 129.1 km/h
2025-04-25 09:44:51,259 - INFO - Speeding vehicle 74 detected! Speed: 110.9 km/h
2025-04-25 09:44:52,475 - INFO - Speed data and detection results saved successfully
2025-04-25 09:44:52,475 - INFO - Total frames processed: 304
2025-04-25 09:44:52,475 - INFO - Total vehicles detected: 81
2025-04-25 09:44:52,476 - INFO - Speeding vehicles: 3
2025-04-25 09:44:52,476 - INFO - Speeding vehicle IDs: [8, 15, 74]
2025-04-25 09:44:52,540 - INFO - Speed detection completed
2025-04-25 09:47:51,159 - INFO - Speeding vehicle 4 detected! Speed: 96.2 km/h
2025-04-25 09:47:51,303 - INFO - Speeding vehicle 4 detected! Speed: 80.7 km/h
2025-04-25 09:47:51,662 - INFO - Speeding vehicle 4 detected! Speed: 96.2 km/h
2025-04-25 09:48:09,189 - INFO - Speeding vehicle 8 detected! Speed: 81.6 km/h
2025-04-25 09:48:09,446 - INFO - Speeding vehicle 8 detected! Speed: 83.4 km/h
2025-04-25 09:48:09,699 - INFO - Speeding vehicle 8 detected! Speed: 85.7 km/h
2025-04-25 09:48:20,999 - INFO - Speeding vehicle 24 detected! Speed: 80.4 km/h
2025-04-25 09:48:21,114 - INFO - Speeding vehicle 24 detected! Speed: 81.6 km/h
2025-04-25 09:48:21,227 - INFO - Speeding vehicle 24 detected! Speed: 82.3 km/h
2025-04-25 09:48:24,178 - INFO - Speed data and detection results saved successfully
2025-04-25 09:48:24,178 - INFO - Total frames processed: 158
2025-04-25 09:48:24,179 - INFO - Total vehicles detected: 44
2025-04-25 09:48:24,179 - INFO - Speeding vehicles: 1
2025-04-25 09:48:24,179 - INFO - Speeding vehicle IDs: [8]
2025-04-25 09:48:24,209 - INFO - Speed detection completed
2025-04-30 13:29:05,918 - INFO - Speeding vehicle 4 detected! Speed: 96.2 km/h
2025-04-30 13:29:06,034 - INFO - Speeding vehicle 4 detected! Speed: 80.7 km/h
2025-04-30 13:29:06,381 - INFO - Speeding vehicle 4 detected! Speed: 96.2 km/h
2025-04-30 13:29:15,739 - INFO - Speeding vehicle 8 detected! Speed: 81.6 km/h
2025-04-30 13:29:15,860 - INFO - Speeding vehicle 8 detected! Speed: 83.4 km/h
2025-04-30 13:29:15,957 - INFO - Speeding vehicle 8 detected! Speed: 85.7 km/h
2025-04-30 13:29:19,195 - INFO - Speeding vehicle 24 detected! Speed: 80.4 km/h
2025-04-30 13:29:19,301 - INFO - Speeding vehicle 24 detected! Speed: 81.6 km/h
2025-04-30 13:29:19,400 - INFO - Speeding vehicle 24 detected! Speed: 82.3 km/h
2025-04-30 13:29:24,206 - INFO - Speeding vehicle 15 detected! Speed: 81.9 km/h
2025-04-30 13:29:24,308 - INFO - Speeding vehicle 15 detected! Speed: 84.4 km/h
2025-04-30 13:29:24,403 - INFO - Speeding vehicle 15 detected! Speed: 86.8 km/h
2025-04-30 13:29:25,687 - INFO - Speeding vehicle 49 detected! Speed: 187.1 km/h
2025-04-30 13:29:25,782 - INFO - Speeding vehicle 49 detected! Speed: 172.3 km/h
2025-04-30 13:29:25,898 - INFO - Speeding vehicle 49 detected! Speed: 157.4 km/h
2025-04-30 13:29:34,551 - INFO - Speeding vehicle 74 detected! Speed: 136.4 km/h
2025-04-30 13:29:34,642 - INFO - Speeding vehicle 74 detected! Speed: 129.1 km/h
2025-04-30 13:29:34,751 - INFO - Speeding vehicle 74 detected! Speed: 110.9 km/h
2025-04-30 13:29:35,843 - INFO - Speed data and detection results saved successfully
2025-04-30 13:29:35,843 - INFO - Total frames processed: 304
2025-04-30 13:29:35,844 - INFO - Total vehicles detected: 81
2025-04-30 13:29:35,844 - INFO - Speeding vehicles: 3
2025-04-30 13:29:35,844 - INFO - Speeding vehicle IDs: [8, 15, 74]
2025-04-30 13:29:35,921 - INFO - Speed detection completed
